square_item_id,square_variation_id,name,variation_name,display_name,description,price,price_cents,display_price,square_category,kds_category,sort_order,is_visible
OGRMUASDYDH3UP2LQXIBWWDZ,HRTXH4DN2YA4YESIMZMMMC6S,Almonds & Cheese Snack Pack,Regular,Almonds & Cheese Snack Pack,"A delightful assortment of roasted almonds paired with bite-sized cubes of aged cheddar cheese, perfect for a quick and nutritious snack.",5.95,595,$5.95,Breakfast & Lunch,breakfast,0,true
IZXXNNJ7IYH2Z5XPYOF56OMB,NYTCOOX56RSEURR32XXUY7NP,Caesar Salad with Chicken,Regular,Caesar Salad with Chicken,"Crisp Romaine lettuce, topped with tender grilled chicken and shavings of rich parmesan cheese, all drizzled with a classic Caesar dressing.",5.95,595,$5.95,Breakfast & Lunch,breakfast,0,true
F5UJLG45TUZ6QN67LCFIIM5Y,ZC2MCANPY6XSYYLO6A7I2UBJ,Cobb Salad with Turkey & Bacon,Regular,Cobb Salad with Turkey & Bacon,"Crisp mixed greens topped with juicy turkey slices, crispy bacon, and creamy avocado, served with a medley of fresh vegetables and a choice of dressing.",5.95,595,$5.95,Breakfast & Lunch,breakfast,0,true
FQUIHRZE3SE7J5JPTMMFB6NP,C4R6LKJEUKBQSNMBRIPDGXWQ,Diz Burrito,Regular,Diz Burrito,"Savor the robust flavors of grilled steak, creamy avocado, and a smoky chipotle sauce, all wrapped in a warm flour tortilla.",8.95,895,$8.95,Breakfast & Lunch,breakfast,0,true
FQUIHRZE3SE7J5JPTMMFB6NP,EPSWVYF4KLWVCBCX7EJLWUI7,Diz Burrito,Chicken Chorizo,Diz Burrito (Chicken Chorizo),"Savor the robust flavors of grilled steak, creamy avocado, and a smoky chipotle sauce, all wrapped in a warm flour tortilla.",8.95,895,$8.95,Breakfast & Lunch,breakfast,0,true
FQUIHRZE3SE7J5JPTMMFB6NP,EQ42Z3UTTH5ECNCQWRFJR6ZN,Diz Burrito,Sausage,Diz Burrito (Sausage),"Savor the robust flavors of grilled steak, creamy avocado, and a smoky chipotle sauce, all wrapped in a warm flour tortilla.",8.95,895,$8.95,Breakfast & Lunch,breakfast,0,true
FQUIHRZE3SE7J5JPTMMFB6NP,VTTGHAGUBSQX4HL4AUUKDGHH,Diz Burrito,Bacon,Diz Burrito (Bacon),"Savor the robust flavors of grilled steak, creamy avocado, and a smoky chipotle sauce, all wrapped in a warm flour tortilla.",8.95,895,$8.95,Breakfast & Lunch,breakfast,0,true
FQUIHRZE3SE7J5JPTMMFB6NP,IQHYLQNZRRMF2VWRSEGX7HAX,Diz Burrito,Veggie Black Bean,Diz Burrito (Veggie Black Bean),"Savor the robust flavors of grilled steak, creamy avocado, and a smoky chipotle sauce, all wrapped in a warm flour tortilla.",8.95,895,$8.95,Breakfast & Lunch,breakfast,0,true
EDRNZDVT6PUDALQJ5MNIUFTK,6QTFJ3N6EIQQGVBKUDR37JCG,Empanada - Beef,Regular,Empanada - Beef,"A golden, flaky crust envelops a savory beef filling, seasoned with a blend of traditional Latin spices for a rich and aromatic taste.",6.00,600,$6.00,Breakfast & Lunch,breakfast,0,true
A2OIVYDHTN3H44LDJA4EL3BL,LNTRJBDYEBF6IOW5FKNDRXS5,Empanada - Chicken,Regular,Empanada - Chicken,"A golden, flaky crust encases a savory filling bursting with traditional flavors, featuring seasoned meats, finely chopped vegetables, and a harmonious blend of spices.",6.00,600,$6.00,Breakfast & Lunch,breakfast,0,true
7BXKX4UXOKS2QY5NV6KLF6CY,WMTHFDBBY4T4KRYZJ7NDI6T2,Empanada - Ham & Cheese,Regular,Empanada - Ham & Cheese,"Savor the blend of savory ham and melted cheese encased in a golden, flaky crust. Perfectly baked to achieve a crisp exterior and a warm, gooey interior.",6.00,600,$6.00,Breakfast & Lunch,breakfast,0,true
ZOJP4ZPIJQT5DJYYLOEIAAIY,ZAJEXVQY6IJVC6WUNZDRJN5K,Empanada - Spinach,Regular,Empanada - Spinach,"Filled with a savory blend of fresh spinach and creamy feta cheese, encased in a perfectly baked, flaky crust.",6.00,600,$6.00,Breakfast & Lunch,breakfast,0,true
DQREMNMYOEZ3V76HYLLHWEP7,Q5F7LUGK5EN4ZKRRKIJZOWY3,Everything Bagel,Regular,Everything Bagel,"The Everything Bagel delivers a versatile flavor with its unique seasoning blend of sesame, poppy seeds, garlic, and onion, perfect for breakfast, lunch, or any meal. Enjoy it toasted, plain, or as the base for your favorite sandwich creation.",3.00,300,$3.00,Breakfast & Lunch,breakfast,0,true
VB7NMVXVSPKAZ6EV5XQM3WWJ,63RUCUS3JEQZMYOPCJ6Q7BYL,Honey Roasted Turkey Snack Pack,Regular,Honey Roasted Turkey Snack Pack,"Tender honey roasted turkey slices are paired with a mix of crunchy nuts and an assortment of sweet dried fruits for a balanced, protein-packed snack.",5.95,595,$5.95,Breakfast & Lunch,breakfast,0,true
AMZ6I6DR4KIWWGM4UHA2MABS,ANVEQML6HG3AGW2KNOPRPGRA,Loly's Burrito,Regular,Loly's Burrito,,9.45,945,$9.45,Breakfast & Lunch,breakfast,0,true
AMZ6I6DR4KIWWGM4UHA2MABS,YLLWKRKM3XWFFDZ4435QENNT,Loly's Burrito,Cheese,Loly's Burrito (Cheese),,9.45,945,$9.45,Breakfast & Lunch,breakfast,0,true
AMZ6I6DR4KIWWGM4UHA2MABS,MJMD5EHAAB2HOH2KUX7ZYR46,Loly's Burrito,Chorizo,Loly's Burrito (Chorizo),,9.45,945,$9.45,Breakfast & Lunch,breakfast,0,true
AMZ6I6DR4KIWWGM4UHA2MABS,OUDPJJVA7OSPYHURDYY24O2X,Loly's Burrito,Bacon,Loly's Burrito (Bacon),,9.45,945,$9.45,Breakfast & Lunch,breakfast,0,true
DCVOYH735ZSQFOSSUD4BRHDT,L2DTBZ7CI6GWC7B26VCQAEID,Plain Bagel,Regular,Plain Bagel,"The plain bagel offers a classic flavor and a versatile base, perfect for any breakfast or lunch creation. Easily customize it with your favorite spreads, toppings, or sandwich fillings to suit your taste!",2.95,295,$2.95,Breakfast & Lunch,breakfast,0,true
MMGKWFGWND2NYFXXGUGYHWTE,BKWWB6LVNEWLWD7DIQ62YWIA,Sammies Sandwich,Regular,Sammies Sandwich,"A variety of savory fillings encased in crispy bread, offering a delightful combination of flavors in each bite. Each sammie is crafted to provide a satisfying and delicious meal.",7.95,795,$7.95,Breakfast & Lunch,breakfast,0,true
MMGKWFGWND2NYFXXGUGYHWTE,UQZQ3VKTXIMOOY3URW4ALNPI,Sammies Sandwich,Bacon,Sammies Sandwich (Bacon),"A variety of savory fillings encased in crispy bread, offering a delightful combination of flavors in each bite. Each sammie is crafted to provide a satisfying and delicious meal.",7.95,795,$7.95,Breakfast & Lunch,breakfast,0,true
MMGKWFGWND2NYFXXGUGYHWTE,NUSCVG3YXBPACTBG4UIVGVXQ,Sammies Sandwich,Cheese,Sammies Sandwich (Cheese),"A variety of savory fillings encased in crispy bread, offering a delightful combination of flavors in each bite. Each sammie is crafted to provide a satisfying and delicious meal.",7.95,795,$7.95,Breakfast & Lunch,breakfast,0,true
MMGKWFGWND2NYFXXGUGYHWTE,PH4ELCY5PKLE6SNDF33VAXF7,Sammies Sandwich,Sausage,Sammies Sandwich (Sausage),"A variety of savory fillings encased in crispy bread, offering a delightful combination of flavors in each bite. Each sammie is crafted to provide a satisfying and delicious meal.",7.95,795,$7.95,Breakfast & Lunch,breakfast,0,true
MMGKWFGWND2NYFXXGUGYHWTE,2GQ2O4FZ2UVECXQS4WRJABWF,Sammies Sandwich,Turkey,Sammies Sandwich (Turkey),"A variety of savory fillings encased in crispy bread, offering a delightful combination of flavors in each bite. Each sammie is crafted to provide a satisfying and delicious meal.",7.95,795,$7.95,Breakfast & Lunch,breakfast,0,true
5JHVHHKXSUSI3E72QKG6WHKO,SXVLFQGCJZXXKFW7KMJ2FKCO,Savory Croissant,Regular,Savory Croissant,"A buttery, flaky croissant filled with savory ham and melted Swiss cheese, creating the perfect blend of textures and flavors.",9.95,995,$9.95,Breakfast & Lunch,breakfast,0,true
5JHVHHKXSUSI3E72QKG6WHKO,3UWGEBP5JKZTR5PQOF4MX7CL,Savory Croissant,Bacon Egg & Cheese,Savory Croissant (Bacon Egg & Cheese),"A buttery, flaky croissant filled with savory ham and melted Swiss cheese, creating the perfect blend of textures and flavors.",9.95,995,$9.95,Breakfast & Lunch,breakfast,0,true
5JHVHHKXSUSI3E72QKG6WHKO,Q2KFH7RUOXIEIYXIY7CSMGXB,Savory Croissant,Ham & Cheese,Savory Croissant (Ham & Cheese),"A buttery, flaky croissant filled with savory ham and melted Swiss cheese, creating the perfect blend of textures and flavors.",9.95,995,$9.95,Breakfast & Lunch,breakfast,0,true
5JHVHHKXSUSI3E72QKG6WHKO,UUJI43AM5I5M7UJZNSPBXHAC,Savory Croissant,Spicy Egg & Cheese,Savory Croissant (Spicy Egg & Cheese),"A buttery, flaky croissant filled with savory ham and melted Swiss cheese, creating the perfect blend of textures and flavors.",9.95,995,$9.95,Breakfast & Lunch,breakfast,0,true
3IUYW7VQXUOWQ6LZQW5TDXFO,PH2C7QSQ44555RW3UTVLHLBD,Caramel Frappuccino,Tall,Caramel Frappuccino (Tall),"Rich caramel blended with robust coffee, topped with a generous swirl of whipped cream for a creamy and sweet finish.",5.65,565,$5.65,COFFEE,frappuccinos-coffee,0,true
3IUYW7VQXUOWQ6LZQW5TDXFO,ZUBXJUTF2OUCO6P6DQHEJGJW,Caramel Frappuccino,Grande,Caramel Frappuccino (Grande),"Rich caramel blended with robust coffee, topped with a generous swirl of whipped cream for a creamy and sweet finish.",6.35,635,$6.35,COFFEE,frappuccinos-coffee,0,true
3IUYW7VQXUOWQ6LZQW5TDXFO,2LZY3YRVJFLPLL2FYW6UDUNZ,Caramel Frappuccino,Venti,Caramel Frappuccino (Venti),"Rich caramel blended with robust coffee, topped with a generous swirl of whipped cream for a creamy and sweet finish.",6.75,675,$6.75,COFFEE,frappuccinos-coffee,0,true
EIRAFPNSC5DCM66BC7APUWT2,DIMG5P6J6ZDUHGXCPBD4ZAEF,Caramel Ribbon Crunch,Tall,Caramel Ribbon Crunch (Tall),"Layers of rich caramel sauce intertwined with a ribbon of creamy caramel, topped with crunchy caramel bits for an extra layer of texture and sweetness.",5.85,585,$5.85,COFFEE,frappuccinos-coffee,0,true
EIRAFPNSC5DCM66BC7APUWT2,4BRHXMV2IVGJ65I4C3ENXNY6,Caramel Ribbon Crunch,Grande,Caramel Ribbon Crunch (Grande),"Layers of rich caramel sauce intertwined with a ribbon of creamy caramel, topped with crunchy caramel bits for an extra layer of texture and sweetness.",6.45,645,$6.45,COFFEE,frappuccinos-coffee,0,true
EIRAFPNSC5DCM66BC7APUWT2,TGZQ2XFKLRTE6Z5QZ7EXW3LY,Caramel Ribbon Crunch,Venti,Caramel Ribbon Crunch (Venti),"Layers of rich caramel sauce intertwined with a ribbon of creamy caramel, topped with crunchy caramel bits for an extra layer of texture and sweetness.",6.85,685,$6.85,COFFEE,frappuccinos-coffee,0,true
YOBRLCYNMCWJUA4PT5SJBDBO,LEFJ3N34VGFMKZHHLINL3RJ7,Espresso Frappuccino,Tall,Espresso Frappuccino (Tall),"Rich espresso blended with smooth chocolate and ice, topped with a generous dollop of whipped cream for a refreshing coffee delight.",5.25,525,$5.25,COFFEE,frappuccinos-coffee,0,true
YOBRLCYNMCWJUA4PT5SJBDBO,FOSYH6ROOHVURHJOP7KAW73L,Espresso Frappuccino,Grande,Espresso Frappuccino (Grande),"Rich espresso blended with smooth chocolate and ice, topped with a generous dollop of whipped cream for a refreshing coffee delight.",5.75,575,$5.75,COFFEE,frappuccinos-coffee,0,true
YOBRLCYNMCWJUA4PT5SJBDBO,5YHRXZ6G6T47Q64JAGTTSTG6,Espresso Frappuccino,Venti,Espresso Frappuccino (Venti),"Rich espresso blended with smooth chocolate and ice, topped with a generous dollop of whipped cream for a refreshing coffee delight.",5.95,595,$5.95,COFFEE,frappuccinos-coffee,0,true
SWPIDUDHWRPWDBK2BV4XEJRV,WJK5VMXVOQLZ6BCBBXSYRI7J,Java Chip Frappuccino,Tall,Java Chip Frappuccino (Tall),"Rich coffee flavor blended with chocolate java chips and ice, offering a refreshing and creamy texture. Topped with whipped cream and a mocha drizzle.",5.85,585,$5.85,COFFEE,frappuccinos-coffee,0,true
SWPIDUDHWRPWDBK2BV4XEJRV,57TCLRJVGU5Y6ITZYRWDFCIG,Java Chip Frappuccino,Grande,Java Chip Frappuccino (Grande),"Rich coffee flavor blended with chocolate java chips and ice, offering a refreshing and creamy texture. Topped with whipped cream and a mocha drizzle.",6.45,645,$6.45,COFFEE,frappuccinos-coffee,0,true
SWPIDUDHWRPWDBK2BV4XEJRV,CMIRVWLNFGWS5R5L72HMEOVY,Java Chip Frappuccino,Venti,Java Chip Frappuccino (Venti),"Rich coffee flavor blended with chocolate java chips and ice, offering a refreshing and creamy texture. Topped with whipped cream and a mocha drizzle.",6.85,685,$6.85,COFFEE,frappuccinos-coffee,0,true
JBHZEICZX6DHVWYGPRHKDDYL,VF2E363VGSGNJ6C57MOSRXS7,Mocha Cookie Crumble,Tall,Mocha Cookie Crumble (Tall),"Frappuccino® Roast coffee, mocha sauce and Frappuccino® chips blended with milk and ice, layered on top of whipped cream and chocolate cookie crumble and topped with vanilla whipped cream, mocha drizzle and even more chocolate cookie crumble. Each sip is as good as the last . . . all the way to the end.",5.85,585,$5.85,COFFEE,frappuccinos-coffee,0,true
JBHZEICZX6DHVWYGPRHKDDYL,4WM3UK7ETCJP3EX4ME7OQ7UK,Mocha Cookie Crumble,Grande,Mocha Cookie Crumble (Grande),"Frappuccino® Roast coffee, mocha sauce and Frappuccino® chips blended with milk and ice, layered on top of whipped cream and chocolate cookie crumble and topped with vanilla whipped cream, mocha drizzle and even more chocolate cookie crumble. Each sip is as good as the last . . . all the way to the end.",6.45,645,$6.45,COFFEE,frappuccinos-coffee,0,true
JBHZEICZX6DHVWYGPRHKDDYL,TDEWM7FMNI2IN447K32AGJY2,Mocha Cookie Crumble,Venti,Mocha Cookie Crumble (Venti),"Frappuccino® Roast coffee, mocha sauce and Frappuccino® chips blended with milk and ice, layered on top of whipped cream and chocolate cookie crumble and topped with vanilla whipped cream, mocha drizzle and even more chocolate cookie crumble. Each sip is as good as the last . . . all the way to the end.",6.85,685,$6.85,COFFEE,frappuccinos-coffee,0,true
24WHV25QDYQNZ22FYULHCH4C,Z33UDIHQ5LTTGOIJMAV6LNOU,Mocha Frappuccino,Tall,Mocha Frappuccino (Tall),"A blend of rich espresso and velvety chocolate, topped with a generous swirl of whipped cream for a creamy finish.",5.65,565,$5.65,COFFEE,frappuccinos-coffee,0,true
24WHV25QDYQNZ22FYULHCH4C,YHEEMOQQIN4P6O6TOYZLZR54,Mocha Frappuccino,Grande,Mocha Frappuccino (Grande),"A blend of rich espresso and velvety chocolate, topped with a generous swirl of whipped cream for a creamy finish.",6.35,635,$6.35,COFFEE,frappuccinos-coffee,0,true
24WHV25QDYQNZ22FYULHCH4C,SR4VRSPLC3S6VGM6D3QJXOPD,Mocha Frappuccino,Venti,Mocha Frappuccino (Venti),"A blend of rich espresso and velvety chocolate, topped with a generous swirl of whipped cream for a creamy finish.",6.75,675,$6.75,COFFEE,frappuccinos-coffee,0,true
PB3X5M6454CUGISRPFYZ6PYH,WDGYJC5NO4AMHU5TNOIQP26Q,White Chocolate Mocha Frappuccino,Tall,White Chocolate Mocha Frappuccino (Tall),"A blended coffee drink that combines the flavors of white chocolate, coffee, and milk, topped with whipped cream.",5.65,565,$5.65,COFFEE,frappuccinos-coffee,0,true
PB3X5M6454CUGISRPFYZ6PYH,KOBMA2E7QCPXPX5PJ5SXGHLV,White Chocolate Mocha Frappuccino,Grande,White Chocolate Mocha Frappuccino (Grande),"A blended coffee drink that combines the flavors of white chocolate, coffee, and milk, topped with whipped cream.",6.35,635,$6.35,COFFEE,frappuccinos-coffee,0,true
PB3X5M6454CUGISRPFYZ6PYH,7W6NOZLRCNSGPL5SJYBAPX6S,White Chocolate Mocha Frappuccino,Venti,White Chocolate Mocha Frappuccino (Venti),"A blended coffee drink that combines the flavors of white chocolate, coffee, and milk, topped with whipped cream.",6.75,675,$6.75,COFFEE,frappuccinos-coffee,0,true
DF4BCGHKHX6ESXFXJK6UZVVC,ZWPG32GM4TZDDVDIRO7R7GYK,Chai Creme Frappuccino,Tall,Chai Creme Frappuccino (Tall),"A blended, iced beverage that combines the spiced flavors of chai tea with a creamy texture.",5.45,545,$5.45,CREME,frappuccinos-creme,0,true
DF4BCGHKHX6ESXFXJK6UZVVC,VK6ENGE3DDICTTJET7HZG2BG,Chai Creme Frappuccino,Grande,Chai Creme Frappuccino (Grande),"A blended, iced beverage that combines the spiced flavors of chai tea with a creamy texture.",5.95,595,$5.95,CREME,frappuccinos-creme,0,true
DF4BCGHKHX6ESXFXJK6UZVVC,4KC2UYHW2NGC7CSYHDKYKG6N,Chai Creme Frappuccino,Venti,Chai Creme Frappuccino (Venti),"A blended, iced beverage that combines the spiced flavors of chai tea with a creamy texture.",6.45,645,$6.45,CREME,frappuccinos-creme,0,true
XZJSCVEJK7SDBJGMJQFML6OR,DBY3PA6PYBU4BFWXMOJV256N,Double Chocolaty Chip Frappuccino,Tall,Double Chocolaty Chip Frappuccino (Tall),"A rich blend of chocolate and milk, combined with ice and topped with whipped cream and chocolate drizzle, featuring an abundance of chocolate chips for an extra burst of chocolaty goodness.",5.45,545,$5.45,CREME,frappuccinos-creme,0,true
XZJSCVEJK7SDBJGMJQFML6OR,46YDORK4GYC3BNVOYFDH6DQT,Double Chocolaty Chip Frappuccino,Grande,Double Chocolaty Chip Frappuccino (Grande),"A rich blend of chocolate and milk, combined with ice and topped with whipped cream and chocolate drizzle, featuring an abundance of chocolate chips for an extra burst of chocolaty goodness.",5.95,595,$5.95,CREME,frappuccinos-creme,0,true
XZJSCVEJK7SDBJGMJQFML6OR,JC3OZMAJUFTY7BPPLWXWAF3R,Double Chocolaty Chip Frappuccino,Venti,Double Chocolaty Chip Frappuccino (Venti),"A rich blend of chocolate and milk, combined with ice and topped with whipped cream and chocolate drizzle, featuring an abundance of chocolate chips for an extra burst of chocolaty goodness.",6.45,645,$6.45,CREME,frappuccinos-creme,0,true
4DEK25QGWIVBWEGLPBTLVQMI,UJ3GGWOZGDQJV2C4JYB3HZ2S,Matcha Creme Frappuccino,Tall,Matcha Creme Frappuccino (Tall),"A luscious blend of rich matcha green tea, velvety milk, and sweetened cream, blended with ice for a refreshing treat, topped with whipped cream.",5.85,585,$5.85,CREME,frappuccinos-creme,0,true
4DEK25QGWIVBWEGLPBTLVQMI,6UT72MYYO7MKPONNUKS6A4CM,Matcha Creme Frappuccino,Grande,Matcha Creme Frappuccino (Grande),"A luscious blend of rich matcha green tea, velvety milk, and sweetened cream, blended with ice for a refreshing treat, topped with whipped cream.",6.45,645,$6.45,CREME,frappuccinos-creme,0,true
4DEK25QGWIVBWEGLPBTLVQMI,RIRB7WWP5IFAVCNG67HHREDZ,Matcha Creme Frappuccino,Venti,Matcha Creme Frappuccino (Venti),"A luscious blend of rich matcha green tea, velvety milk, and sweetened cream, blended with ice for a refreshing treat, topped with whipped cream.",6.85,685,$6.85,CREME,frappuccinos-creme,0,true
KRABMKKBILR74ZXYPZXKSGOB,7GZTLYBBN4GGWHECKR2HBW2B,Strawberry Frappuccino,Tall,Strawberry Frappuccino (Tall),,5.45,545,$5.45,CREME,frappuccinos-creme,0,true
KRABMKKBILR74ZXYPZXKSGOB,M3X6LKC3VRTGUC2SE77CFQ4Y,Strawberry Frappuccino,Grande,Strawberry Frappuccino (Grande),,5.95,595,$5.95,CREME,frappuccinos-creme,0,true
KRABMKKBILR74ZXYPZXKSGOB,NXOPUXG6NEHJOWFPP6QDS6GB,Strawberry Frappuccino,Venti,Strawberry Frappuccino (Venti),,6.45,645,$6.45,CREME,frappuccinos-creme,0,true
IOZ35V34Y4VEIQZYKZGQRUPL,ECXPRKCYGHTI2NQ5ABQAQG6H,Vanilla Bean Frappuccino,Tall,Vanilla Bean Frappuccino (Tall),"A rich blend of real vanilla bean, ice, and milk, delivering a creamy texture and sweet flavor, topped with a dollop of whipped cream.",5.65,565,$5.65,CREME,frappuccinos-creme,0,true
IOZ35V34Y4VEIQZYKZGQRUPL,ORGIQOYIUHEWZKYBQPR4XXPI,Vanilla Bean Frappuccino,Grande,Vanilla Bean Frappuccino (Grande),"A rich blend of real vanilla bean, ice, and milk, delivering a creamy texture and sweet flavor, topped with a dollop of whipped cream.",6.35,635,$6.35,CREME,frappuccinos-creme,0,true
IOZ35V34Y4VEIQZYKZGQRUPL,ZRJE2OGETYUXLM6H6H5JHDFG,Vanilla Bean Frappuccino,Venti,Vanilla Bean Frappuccino (Venti),"A rich blend of real vanilla bean, ice, and milk, delivering a creamy texture and sweet flavor, topped with a dollop of whipped cream.",6.85,685,$6.85,CREME,frappuccinos-creme,0,true
6Y4WWTKXY7GKOLT27MPWVA4W,4L6DDY5A2VM42PYY4OJRFYHO,AJ - Apple Juice Humankind,Regular,AJ - Apple Juice Humankind,"AJ - Apple Juice by Humankind offers a refreshing taste made from high-quality ingredients, ensuring a pure and satisfying drink. Its convenient pre-packed design makes it perfect for on-the-go enjoyment.",6.95,695,$6.95,Drinks Pre-Packed,drinks-pre-packed,0,true
KU6Y6JRIXNIMI37FFLHXABYO,4I36LZJUYIYHREECUON7SDMN,Bubly - assorted - 12 oz,Regular,Bubly - assorted - 12 oz,"Bubly sparkling water offers a variety of refreshing flavors in convenient 12 oz cans, perfect for any occasion. With zero calories and no artificial sweeteners, it's a crisp and guilt-free way to stay hydrated.",1.15,115,$1.15,Drinks Pre-Packed,drinks-pre-packed,0,true
LF3NWV6JS3UF7E526OJJDZQA,6ZCR77YUMKXESH3M57WFYELL,Celsius,Regular,Celsius,"Celsius pre-packed drinks offer refreshing flavors with zero sugar, delivering an energizing boost to fuel your day. Perfect for those seeking a healthier way to stay active and refreshed.",3.95,395,$3.95,Drinks Pre-Packed,drinks-pre-packed,0,true
TSTH6J37FHIOFULWIOPZE3GE,GRQLAGAPUIVPYLIAME7IE4FK,Chobani 20G Protein Yogurt,Regular,Chobani 20G Protein Yogurt,"Chobani 20G Protein Yogurt Drinks offer a convenient, high-protein option perfect for busy lifestyles. Available in a variety of flavors, they deliver both nutrition and taste in every sip.",4.75,475,$4.75,Drinks Pre-Packed,drinks-pre-packed,0,true
MCNMEEMGE5KQFINZQ6IAJVHP,AYFIDGHNPVRSDKYVLXHP5ZCV,"Clearly Canadian - Sparkling Water, 11 oz",Regular,"Clearly Canadian - Sparkling Water, 11 oz","Refreshing sparkling water infused with natural flavors, presented in a convenient 11 oz bottle.",2.75,275,$2.75,Drinks Pre-Packed,drinks-pre-packed,0,true
EQIGYO6L5OUWXCJYH3KJ3XBY,ZBNL4SCLZF3M7TV655E35G5O,Coke Bottle,Regular,Coke Bottle,"The Coke Bottle offers a refreshing beverage with its classic taste, packaged conveniently for on-the-go enjoyment. Perfect for any occasion, it delivers the iconic flavor you know and love.",4.95,495,$4.95,Drinks Pre-Packed,drinks-pre-packed,0,true
PQZ2J5TDBGEG5C6ATNK2RL4Z,TVNZEYCDV6HESMX3GARWG2GC,Coke Zero - can - 12 oz,Regular,Coke Zero - can - 12 oz,"Coke Zero offers the classic, refreshing taste of Coca-Cola with zero sugar in a convenient 12 oz can. Perfect for on-the-go enjoyment or pairing with your favorite meals.",2.95,295,$2.95,Drinks Pre-Packed,drinks-pre-packed,0,true
JDB6AJ22VT3WKRFH5WNR6PZZ,SI2BY3LIBA452WTR67LVKMX6,Elite Naturel Cold Pressed Green Smoothie,Regular,Elite Naturel Cold Pressed Green Smoothie,"A vibrant green smoothie made from cold-pressed kale, spinach, cucumber, green apple, and a hint of fresh lemon juice, blended to perfection for a refreshing and nutrient-packed drink.",6.95,695,$6.95,Drinks Pre-Packed,drinks-pre-packed,0,true
34EZ4B7VZYAHHSMTSI65JMWO,KX436I35C7W5FTR7GGM2OSEK,Elite Naturel Cold Pressed Tropic Sunset Smoothie,Regular,Elite Naturel Cold Pressed Tropic Sunset Smoothie,"A refreshing blend of cold-pressed tropical fruits, including mango, pineapple, and passion fruit, crafted into a silky smoothie that captures the essence of a sunset over the tropics.",6.95,695,$6.95,Drinks Pre-Packed,drinks-pre-packed,0,true
SOAFX3RSWP7RF5JQPPOEDWEH,4VRICXZ437USR65BZ6PG73PP,Elite Naturel Cold Pressed Wild Red Smoothie,Regular,Elite Naturel Cold Pressed Wild Red Smoothie,"A vibrant blend of cold-pressed wild berries delivers a smooth texture and rich, natural flavors in every sip. This refreshing smoothie is packed with antioxidants and nutrients.",6.95,695,$6.95,Drinks Pre-Packed,drinks-pre-packed,0,true
UK4O2S44WKE34CWR3OQSGI6E,CAVGF3LVEHY5B2JD5IDFCBZL,Gatorade - Assorted - 20 oz,Regular,Gatorade - Assorted - 20 oz,,3.95,395,$3.95,Drinks Pre-Packed,drinks-pre-packed,0,true
CXTGVOTYZP4QWJWF4ZXVRWHY,AZZRECXCIAHFDXEWLXRJ27MA,Gatorade Zero - Assorted - 12 oz,Regular,Gatorade Zero - Assorted - 12 oz,"Gatorade Zero offers a replenishing blend of electrolytes with zero sugar, available in a variety of refreshing assorted flavors. Perfect for hydration without the extra calories.",2.95,295,$2.95,Drinks Pre-Packed,drinks-pre-packed,0,true
R7LWYKLSFBSSZBA4ZEGEHYAM,P7BRUZJ6HLTO675QFJVX7X5J,Gatorade Zero - Assorted - 20 oz,Regular,Gatorade Zero - Assorted - 20 oz,"Gatorade Zero offers the same electrolyte replenishment you trust, now with zero sugar and a variety of refreshing flavors. Conveniently pre-packed in 20 oz bottles, it's perfect for hydration on the go.",3.95,395,$3.95,Drinks Pre-Packed,drinks-pre-packed,0,true
UOVT4DRMOKZYZNMGNSBAO5YU,7GJ4R22WSOTH7UVRGEXTRBDE,Joyba Mango Passionfruit Bubble Tea - 12 oz,Regular,Joyba Mango Passionfruit Bubble Tea - 12 oz,,6.00,600,$6.00,Drinks Pre-Packed,drinks-pre-packed,0,true
WOIUZ545ZTL7NK66UZCTPGNB,SKINQVQXR46H6PIZ7K623LAK,Joyba Raspberry Dragonfruit Bubble Tea - 12 oz,Regular,Joyba Raspberry Dragonfruit Bubble Tea - 12 oz,,6.00,600,$6.00,Drinks Pre-Packed,drinks-pre-packed,0,true
JJM43APHHVFJVMWGCIIKEI4Y,6YQBQNY2M4SX4VZ7LDX4EBIK,Joyba Strawberry Lemonade Bubble Tea - 12 oz,Regular,Joyba Strawberry Lemonade Bubble Tea - 12 oz,,6.00,600,$6.00,Drinks Pre-Packed,drinks-pre-packed,0,true
77RDGI3SQOEQWSFJOB5LFIG3,7AQ2O7CEJT2753WSQZSPJ5RF,Mini Soda Can - assorted,Regular,Mini Soda Can - assorted,,2.95,295,$2.95,Drinks Pre-Packed,drinks-pre-packed,0,true
OY3MEGHA6VZAK6SGMWLCMX6S,MCYSAVSXZO3Y5CUIXGBFI3KC,"Muscle Milk 25g Genuine Protein Shake, 11 oz",Regular,"Muscle Milk 25g Genuine Protein Shake, 11 oz","This 11 oz protein shake delivers 25 grams of high-quality protein with a smooth texture and rich chocolate flavor, perfect for muscle recovery and nourishment.",3.95,395,$3.95,Drinks Pre-Packed,drinks-pre-packed,0,true
MUZVA7CLVLC75TPPXMYZ5TY4,UEP2LDHGHTJMSFS54PWH4OC5,OJ - Orange Juice Humankind,Regular,OJ - Orange Juice Humankind,,6.95,695,$6.95,Drinks Pre-Packed,drinks-pre-packed,0,true
22YBHYEDYO2ONCSSPSXG62QD,GQYBV3WA3KHX3BQPUB2PDJFL,Pure Life Purified Water 16.9 oz,Regular,Pure Life Purified Water 16.9 oz,,1.95,195,$1.95,Drinks Pre-Packed,drinks-pre-packed,0,true
67NPF4QRTS5DJGRLCZOW3GB5,EZXN4IE2KZTAY52L25PEVYEZ,Red Bull Energy - 8.4 oz,Regular,Red Bull Energy - 8.4 oz,"A refreshing energy drink with a tropical flavor, powered by caffeine to boost your energy levels. Comes in a convenient 8.4 oz can.",4.95,495,$4.95,Drinks Pre-Packed,drinks-pre-packed,0,true
IMAWFNZY6MKEFV7CSRSLNDU3,KHNRZB3E3T2UEPQX6UVRWT5F,Smart Water - 1L Bottle,Regular,Smart Water - 1L Bottle,,3.95,395,$3.95,Drinks Pre-Packed,drinks-pre-packed,0,true
VIDISOHVSSXFARK75VYOB7LR,4FCDNP3YQXLOOTVSH5AW53AK,Sprite - Fanta - Coke - Zero - can - 12 oz,Regular,Sprite - Fanta - Coke - Zero - can - 12 oz,"Choose from a variety of refreshing 12 oz cans, including Sprite, Fanta, Coke, and Coke Zero. Each offers unique flavors, with Coke Zero providing a zero-sugar option.",2.95,295,$2.95,Drinks Pre-Packed,drinks-pre-packed,0,true
KBDIGLRBUIH2UXOGWWEVVHA7,AW5FGCJSREMTMW6YFIZMM33I,Topo Chico - Sparkling Water - 16.9 oz,Regular,Topo Chico - Sparkling Water - 16.9 oz,"Naturally carbonated mineral water sourced from Monterrey, Mexico, known for its crisp and refreshing taste. Packaged in a 16.9 oz bottle to keep you hydrated and revitalized.",2.95,295,$2.95,Drinks Pre-Packed,drinks-pre-packed,0,true
TJZXHONKI6CYSJYEL2KNALJ7,IHICI3U3ZVOBCG75JFMMABGQ,Waterloo - Sparkling Water - Assorted - 12 oz,Regular,Waterloo - Sparkling Water - Assorted - 12 oz,,1.15,115,$1.15,Drinks Pre-Packed,drinks-pre-packed,0,true
GOVH6NU7L3ZYKFAAKOREOB26,VKYJBFHYDZYOKX5LGQBRH62R,Berry Peachy Lotus,Queen,Berry Peachy Lotus (Queen),"A plant-powered energy drink featuring a blend of strawberry and peach flavors, often mixed with a Lotus Energy Concentrate.",5.95,595,$5.95,Energy Drinks,energy-drinks,0,true
GOVH6NU7L3ZYKFAAKOREOB26,57UL6AYRUZSQBGHL3ONGTO5N,Berry Peachy Lotus,King,Berry Peachy Lotus (King),"A plant-powered energy drink featuring a blend of strawberry and peach flavors, often mixed with a Lotus Energy Concentrate.",6.95,695,$6.95,Energy Drinks,energy-drinks,0,true
CLGIY2HZG37HG3ZEQ2J6WHW2,U7XCAUW4J32KXRMH65Z4VJ5S,Caramel Apple Lotus,Queen,Caramel Apple Lotus (Queen),"A refreshing blend of real apple fruit puree combined with a caramel drizzle, perfectly balanced in a non-caffeinated fruit fusion. Enjoy the crisp sweetness of apple with a hint of caramel in every sip.",5.95,595,$5.95,Energy Drinks,energy-drinks,0,true
CLGIY2HZG37HG3ZEQ2J6WHW2,HFRQ2T5UWLKO45PR3GKEGQJO,Caramel Apple Lotus,King,Caramel Apple Lotus (King),"A refreshing blend of real apple fruit puree combined with a caramel drizzle, perfectly balanced in a non-caffeinated fruit fusion. Enjoy the crisp sweetness of apple with a hint of caramel in every sip.",6.95,695,$6.95,Energy Drinks,energy-drinks,0,true
JLUWSVV4LHWKTY4JNL5A5JOH,Q2NNSJ6VMP42BU2OBAC3TD6P,Lavender Haze Lotus,Queen,Lavender Haze Lotus (Queen),"A delicate infusion of aromatic lavender, complemented by a subtle haze of floral notes, and finished with the light, crisp taste of lotus petals.",5.95,595,$5.95,Energy Drinks,energy-drinks,0,true
JLUWSVV4LHWKTY4JNL5A5JOH,F5YWFTPLXBXFSTWMB5UXH3X7,Lavender Haze Lotus,King,Lavender Haze Lotus (King),"A delicate infusion of aromatic lavender, complemented by a subtle haze of floral notes, and finished with the light, crisp taste of lotus petals.",6.95,695,$6.95,Energy Drinks,energy-drinks,0,true
35DZJGZI4PEJR5SKCTIDSX6A,IOOJW5JVMUBIM2VA4CWBNOF3,Mango Colada Lotus,Queen,Mango Colada Lotus (Queen),"A tropical blend of juicy mango and creamy coconut, garnished with delicate lotus petals for an exotic and refreshing beverage.",5.95,595,$5.95,Energy Drinks,energy-drinks,0,true
35DZJGZI4PEJR5SKCTIDSX6A,BOQXWMOGP3VVQAFZJ5TOVHVF,Mango Colada Lotus,King,Mango Colada Lotus (King),"A tropical blend of juicy mango and creamy coconut, garnished with delicate lotus petals for an exotic and refreshing beverage.",6.95,695,$6.95,Energy Drinks,energy-drinks,0,true
EPFEOHXG2CNJED6MDANRMHRG,GA7UYWFZPWQ5XXTERZJH3M6D,Ocean Mist Lotus,Queen,Ocean Mist Lotus (Queen),"A vibrant, plant-based energy drink featuring a blend of green apple, blue raspberry, and coconut flavors, combined with White Lotus Energy Concentrate.",5.95,595,$5.95,Energy Drinks,energy-drinks,0,true
EPFEOHXG2CNJED6MDANRMHRG,SZI6B24FTPI5MMVN2NOZXDQR,Ocean Mist Lotus,King,Ocean Mist Lotus (King),"A vibrant, plant-based energy drink featuring a blend of green apple, blue raspberry, and coconut flavors, combined with White Lotus Energy Concentrate.",6.95,695,$6.95,Energy Drinks,energy-drinks,0,true
SK6N4NQPSLZDDTMB4QHMEKVM,WBTTKDCK4MUSWHFTHWCGRF4F,Orange Creamsicle Lotus,Queen,Orange Creamsicle Lotus (Queen),Combines the flavors of an orange creamsicle with Lotus Plant Energy,5.95,595,$5.95,Energy Drinks,energy-drinks,0,true
SK6N4NQPSLZDDTMB4QHMEKVM,6OQVDJKQMOVGQK3PHN6EJS3I,Orange Creamsicle Lotus,King,Orange Creamsicle Lotus (King),Combines the flavors of an orange creamsicle with Lotus Plant Energy,6.95,695,$6.95,Energy Drinks,energy-drinks,0,true
QQCWR2JNIFR3NOBANAMZKE4L,MEZHUWBJ72M4TDWEYS4WOXA3,Pinky Promise Lotus,Queen,Pinky Promise Lotus (Queen),"A delightful blend of lotus seeds, tinted with a charming pink hue, and enhanced with a sweet, captivating aroma.",6.45,645,$6.45,Energy Drinks,energy-drinks,0,true
QQCWR2JNIFR3NOBANAMZKE4L,REVGNO4I622RPSTZLDCJIW6O,Pinky Promise Lotus,King,Pinky Promise Lotus (King),"A delightful blend of lotus seeds, tinted with a charming pink hue, and enhanced with a sweet, captivating aroma.",7.45,745,$7.45,Energy Drinks,energy-drinks,0,true
NVEFI5SBJW6UQXKCTBPB52EU,5XU3T57H5B3PX3NLFG2TETNH,Prickly Peach Punch Lotus,Small,Prickly Peach Punch Lotus (Small),"A fruit-flavored energy beverage from Lotus combining the sweetness of peach with the unique tartness and sweetness of prickly pear, creating a ""tart and fruity"" flavor experience. Some variations may also include hints of other fruit notes like white peach and possibly pineapple or strawberry to enhance the punch-like quality.",5.75,575,$5.75,Energy Drinks,energy-drinks,0,true
NVEFI5SBJW6UQXKCTBPB52EU,Y66BFKJKNXG23C5MVFSUX4EZ,Prickly Peach Punch Lotus,Medium,Prickly Peach Punch Lotus (Medium),"A fruit-flavored energy beverage from Lotus combining the sweetness of peach with the unique tartness and sweetness of prickly pear, creating a ""tart and fruity"" flavor experience. Some variations may also include hints of other fruit notes like white peach and possibly pineapple or strawberry to enhance the punch-like quality.",6.55,655,$6.55,Energy Drinks,energy-drinks,0,true
JU5LEXZUCDNIVAMH7YXCMM2E,MU5SB47OQSTNXFEBXY6ZPWGK,Americano,Tall,Americano (Tall),"A robust blend of rich espresso and hot water, delivering a bold and slightly bitter coffee experience.",3.65,365,$3.65,"ESPRESSO, COFFEE & MORE",espressos,0,true
JU5LEXZUCDNIVAMH7YXCMM2E,SJWFIP3TJVACW2XQZ5NZAP2Z,Americano,Grande,Americano (Grande),"A robust blend of rich espresso and hot water, delivering a bold and slightly bitter coffee experience.",3.95,395,$3.95,"ESPRESSO, COFFEE & MORE",espressos,0,true
JU5LEXZUCDNIVAMH7YXCMM2E,L7Q3TA6LGETEQKFL662BCHV2,Americano,Venti,Americano (Venti),"A robust blend of rich espresso and hot water, delivering a bold and slightly bitter coffee experience.",4.45,445,$4.45,"ESPRESSO, COFFEE & MORE",espressos,0,true
6YVZL7KZIBUCKPJEP4DSYNJH,Z6RJHONBQJ3PWRJEDFHPFFUP,Cafe Latte,Tall,Cafe Latte (Tall),"A classic coffee beverage consisting of espresso and steamed milk, often topped with a thin layer of foam.",4.45,445,$4.45,"ESPRESSO, COFFEE & MORE",espressos,0,true
6YVZL7KZIBUCKPJEP4DSYNJH,5HSSTPYIBZFN42HMVAWWJXQB,Cafe Latte,Grande,Cafe Latte (Grande),"A classic coffee beverage consisting of espresso and steamed milk, often topped with a thin layer of foam.",5.15,515,$5.15,"ESPRESSO, COFFEE & MORE",espressos,0,true
6YVZL7KZIBUCKPJEP4DSYNJH,HV6AYLIVXXBCVSUQ6VN6KJAT,Cafe Latte,Venti,Cafe Latte (Venti),"A classic coffee beverage consisting of espresso and steamed milk, often topped with a thin layer of foam.",5.95,595,$5.95,"ESPRESSO, COFFEE & MORE",espressos,0,true
NRXHN7LWPK6YV46SJINEELDD,272FKWGWS3Q5SOWVA5OLX7UB,Cafe Mocha,Tall,Cafe Mocha (Tall),"A classic espresso drink combining espresso, chocolate, and steamed milk, topped with whipped cream.",5.45,545,$5.45,"ESPRESSO, COFFEE & MORE",espressos,0,true
NRXHN7LWPK6YV46SJINEELDD,FIZXN63MVPOCA4SI2LSMBOWM,Cafe Mocha,Grande,Cafe Mocha (Grande),"A classic espresso drink combining espresso, chocolate, and steamed milk, topped with whipped cream.",5.95,595,$5.95,"ESPRESSO, COFFEE & MORE",espressos,0,true
NRXHN7LWPK6YV46SJINEELDD,HTWP7CGNNW62UHRVPK4GM2CY,Cafe Mocha,Venti,Cafe Mocha (Venti),"A classic espresso drink combining espresso, chocolate, and steamed milk, topped with whipped cream.",6.45,645,$6.45,"ESPRESSO, COFFEE & MORE",espressos,0,true
6E73SJGGCDFMDIPL3CDK7SIZ,W3JQBM7EPWM3VUTGICOO6LKW,Cappuccino,Tall,Cappuccino (Tall),"A classic Italian coffee drink made with espresso, steamed milk, and milk foam, with a distinct balance of espresso flavor and a light, airy foam.",4.25,425,$4.25,"ESPRESSO, COFFEE & MORE",espressos,0,true
6E73SJGGCDFMDIPL3CDK7SIZ,LP5Z3MRYW4NR6W6TFSURCNMG,Cappuccino,Grande,Cappuccino (Grande),"A classic Italian coffee drink made with espresso, steamed milk, and milk foam, with a distinct balance of espresso flavor and a light, airy foam.",4.95,495,$4.95,"ESPRESSO, COFFEE & MORE",espressos,0,true
6E73SJGGCDFMDIPL3CDK7SIZ,FPEJAMYWMJ7BZTX472FQT2IL,Cappuccino,Venti,Cappuccino (Venti),"A classic Italian coffee drink made with espresso, steamed milk, and milk foam, with a distinct balance of espresso flavor and a light, airy foam.",5.75,575,$5.75,"ESPRESSO, COFFEE & MORE",espressos,0,true
YDV34L5ESAPSPURXKWOEID52,T3SYYX5CPZ7D5PI55U42WTWH,Caramel Brûlée Latte,Tall,Caramel Brûlée Latte (Tall),"A rich, creamy latte infused with sweet caramel and topped with a delicate brûlée crust, offering a perfect balance of smooth espresso and indulgent flavors.",5.85,585,$5.85,"ESPRESSO, COFFEE & MORE",espressos,0,true
YDV34L5ESAPSPURXKWOEID52,J4R7SJBYEI6X2UEGAPQZNHJG,Caramel Brûlée Latte,Grande,Caramel Brûlée Latte (Grande),"A rich, creamy latte infused with sweet caramel and topped with a delicate brûlée crust, offering a perfect balance of smooth espresso and indulgent flavors.",6.35,635,$6.35,"ESPRESSO, COFFEE & MORE",espressos,0,true
YDV34L5ESAPSPURXKWOEID52,4T6ENFHFZP7ZQAZBP5BRC3LT,Caramel Brûlée Latte,Venti,Caramel Brûlée Latte (Venti),"A rich, creamy latte infused with sweet caramel and topped with a delicate brûlée crust, offering a perfect balance of smooth espresso and indulgent flavors.",6.85,685,$6.85,"ESPRESSO, COFFEE & MORE",espressos,0,true
6HM3BKWVALSOYTOXDHOGV4NA,CPC6GK4R2SMAYTMLUKAUGXCP,Caramel Macchiato,Tall,Caramel Macchiato (Tall),"Rich espresso layered with velvety steamed milk and a luxurious drizzle of caramel, creating a perfectly balanced and flavorful beverage.",5.25,525,$5.25,"ESPRESSO, COFFEE & MORE",espressos,0,true
6HM3BKWVALSOYTOXDHOGV4NA,HDGHSFJOBTZ3TNCJVNDFZFFB,Caramel Macchiato,Grande,Caramel Macchiato (Grande),"Rich espresso layered with velvety steamed milk and a luxurious drizzle of caramel, creating a perfectly balanced and flavorful beverage.",5.95,595,$5.95,"ESPRESSO, COFFEE & MORE",espressos,0,true
6HM3BKWVALSOYTOXDHOGV4NA,EO4TTBCD5PGYWFH4GHHPWSUS,Caramel Macchiato,Venti,Caramel Macchiato (Venti),"Rich espresso layered with velvety steamed milk and a luxurious drizzle of caramel, creating a perfectly balanced and flavorful beverage.",6.75,675,$6.75,"ESPRESSO, COFFEE & MORE",espressos,0,true
E3LKTXQ24RTQMDLJ44NM3JDL,QOW5IAWZSQJN3W36K5XA7R4C,Cold Brew Coffee,Tall,Cold Brew Coffee (Tall),"A popular menu item known for its smooth, low-acid, and naturally sweet flavor, different from their traditional iced coffee",4.25,425,$4.25,"ESPRESSO, COFFEE & MORE",espressos,0,true
E3LKTXQ24RTQMDLJ44NM3JDL,B3CEWE3AMMRV3EMBYBZJA73T,Cold Brew Coffee,Grande,Cold Brew Coffee (Grande),"A popular menu item known for its smooth, low-acid, and naturally sweet flavor, different from their traditional iced coffee",4.45,445,$4.45,"ESPRESSO, COFFEE & MORE",espressos,0,true
E3LKTXQ24RTQMDLJ44NM3JDL,EF7VUEWGRPNIQMRSKREAE32A,Cold Brew Coffee,Venti,Cold Brew Coffee (Venti),"A popular menu item known for its smooth, low-acid, and naturally sweet flavor, different from their traditional iced coffee",4.95,495,$4.95,"ESPRESSO, COFFEE & MORE",espressos,0,true
GMAZLMT4ZCVQI2LEX5LBSPUZ,B6TXOEXU2WMAYIASVAVJ552C,Cold Brew w/ Vanilla Sweet Cream,Tall,Cold Brew w/ Vanilla Sweet Cream (Tall),"a refreshing iced coffee drink made with slow-steeped cold brew, vanilla syrup, and a float of house-made vanilla sweet cream.",4.75,475,$4.75,"ESPRESSO, COFFEE & MORE",espressos,0,true
GMAZLMT4ZCVQI2LEX5LBSPUZ,X3N74BSGR7FAHO4SFCUZDGA4,Cold Brew w/ Vanilla Sweet Cream,Grande,Cold Brew w/ Vanilla Sweet Cream (Grande),"a refreshing iced coffee drink made with slow-steeped cold brew, vanilla syrup, and a float of house-made vanilla sweet cream.",4.95,495,$4.95,"ESPRESSO, COFFEE & MORE",espressos,0,true
GMAZLMT4ZCVQI2LEX5LBSPUZ,3VUMU7LW5RLOX27GYWNOLQFO,Cold Brew w/ Vanilla Sweet Cream,Venti,Cold Brew w/ Vanilla Sweet Cream (Venti),"a refreshing iced coffee drink made with slow-steeped cold brew, vanilla syrup, and a float of house-made vanilla sweet cream.",5.45,545,$5.45,"ESPRESSO, COFFEE & MORE",espressos,0,true
YFKBT5OZGLQZFOUQ3OXBLC5O,LEFRNRC2YGDE4SWMHBZGIRD7,Cortado,Tall,Cortado (Tall),"A strong, balanced espresso drink made with three ristretto shots of Starbucks® Blonde Espresso and steamed milk.",3.95,395,$3.95,"ESPRESSO, COFFEE & MORE",espressos,0,true
YFKBT5OZGLQZFOUQ3OXBLC5O,FJTJNWWYZNKMAFYIEMUZNX6O,Cortado,Grande,Cortado (Grande),"A strong, balanced espresso drink made with three ristretto shots of Starbucks® Blonde Espresso and steamed milk.",4.45,445,$4.45,"ESPRESSO, COFFEE & MORE",espressos,0,true
YFKBT5OZGLQZFOUQ3OXBLC5O,EG3M2NXZGPDSUZW2HAUJIRZX,Cortado,Venti,Cortado (Venti),"A strong, balanced espresso drink made with three ristretto shots of Starbucks® Blonde Espresso and steamed milk.",4.95,495,$4.95,"ESPRESSO, COFFEE & MORE",espressos,0,true
X62LFUJJPTYAKHUH6HN7V3T2,MDDNY7DNCHA2F5OX6TGRPMFB,Dirty Chai,Tall,Dirty Chai (Tall),A chai tea latte with one or two shots of espresso added for an extra caffeine kick and a bolder flavor.,5.85,585,$5.85,"ESPRESSO, COFFEE & MORE",espressos,0,true
X62LFUJJPTYAKHUH6HN7V3T2,WSWZP7CZJJNO4SMZLCEWACVZ,Dirty Chai,Grande,Dirty Chai (Grande),A chai tea latte with one or two shots of espresso added for an extra caffeine kick and a bolder flavor.,6.35,635,$6.35,"ESPRESSO, COFFEE & MORE",espressos,0,true
X62LFUJJPTYAKHUH6HN7V3T2,7QN7V5HWNP4POPVPS3NYP64P,Dirty Chai,Venti,Dirty Chai (Venti),A chai tea latte with one or two shots of espresso added for an extra caffeine kick and a bolder flavor.,6.85,685,$6.85,"ESPRESSO, COFFEE & MORE",espressos,0,true
MSFIEJYDH6BNL26ROT3MHI7P,AEHZLFMUQXFZU3G745XDLGFD,Espresso Shot,Solo,Espresso Shot (Solo),"A concentrated shot of premium espresso, featuring a bold flavor, a rich aroma, and a creamy texture.",2.95,295,$2.95,"ESPRESSO, COFFEE & MORE",espressos,0,true
MSFIEJYDH6BNL26ROT3MHI7P,VOASBNXDII76YJSFQA2L2UNC,Espresso Shot,Doppio,Espresso Shot (Doppio),"A concentrated shot of premium espresso, featuring a bold flavor, a rich aroma, and a creamy texture.",3.45,345,$3.45,"ESPRESSO, COFFEE & MORE",espressos,0,true
MSFIEJYDH6BNL26ROT3MHI7P,EVNFEEVAAQY5QE4MPPXQQTGQ,Espresso Shot,Triple,Espresso Shot (Triple),"A concentrated shot of premium espresso, featuring a bold flavor, a rich aroma, and a creamy texture.",3.65,365,$3.65,"ESPRESSO, COFFEE & MORE",espressos,0,true
MSFIEJYDH6BNL26ROT3MHI7P,H7BIIU2YJOZH6LTPCVOEFCVH,Espresso Shot,Quad,Espresso Shot (Quad),"A concentrated shot of premium espresso, featuring a bold flavor, a rich aroma, and a creamy texture.",4.45,445,$4.45,"ESPRESSO, COFFEE & MORE",espressos,0,true
OQ62YCQXQGVQUATLAJEGUZXM,P7L6Z3CMHZF6GOVSKKUHORZM,Flat White,Tall,Flat White (Tall),"A coffee drink made with two ristretto shots of espresso and steamed whole milk, resulting in a velvety, micro-foam texture.",4.95,495,$4.95,"ESPRESSO, COFFEE & MORE",espressos,0,true
OQ62YCQXQGVQUATLAJEGUZXM,GV2PD6I7LFOALQSZZY3CP2OJ,Flat White,Grande,Flat White (Grande),"A coffee drink made with two ristretto shots of espresso and steamed whole milk, resulting in a velvety, micro-foam texture.",5.45,545,$5.45,"ESPRESSO, COFFEE & MORE",espressos,0,true
OQ62YCQXQGVQUATLAJEGUZXM,NJ7GDQ75DPXGKPG2B4YXW6UK,Flat White,Venti,Flat White (Venti),"A coffee drink made with two ristretto shots of espresso and steamed whole milk, resulting in a velvety, micro-foam texture.",5.65,565,$5.65,"ESPRESSO, COFFEE & MORE",espressos,0,true
KTRBF6GI5K7W7VWYEYH373VC,NNUSJ5JFZ7JJURTN76IUYSO3,Freshly Brewed Coffee,Tall,Freshly Brewed Coffee (Tall),"Our freshly brewed coffee boasts a medium roast with a bold flavor and smooth texture, featuring delightful notes of cocoa and praline.",2.85,285,$2.85,"ESPRESSO, COFFEE & MORE",espressos,0,true
KTRBF6GI5K7W7VWYEYH373VC,HY7ALINY64H7EA7MD6Y66QNT,Freshly Brewed Coffee,Grande,Freshly Brewed Coffee (Grande),"Our freshly brewed coffee boasts a medium roast with a bold flavor and smooth texture, featuring delightful notes of cocoa and praline.",3.05,305,$3.05,"ESPRESSO, COFFEE & MORE",espressos,0,true
KTRBF6GI5K7W7VWYEYH373VC,4TN7BCSDPYTFUG27OUAXTC3Q,Freshly Brewed Coffee,Venti,Freshly Brewed Coffee (Venti),"Our freshly brewed coffee boasts a medium roast with a bold flavor and smooth texture, featuring delightful notes of cocoa and praline.",3.25,325,$3.25,"ESPRESSO, COFFEE & MORE",espressos,0,true
2UCPPRMYHYZAYCKBFW7VJHF5,EJ3KKCZIKIQQ5OE6A3IG6H3L,Iced Brown Sugar Oat Shaken Espresso,Tall,Iced Brown Sugar Oat Shaken Espresso (Tall),"Rich espresso, sweetened with a hint of brown sugar, shaken with creamy oat milk, and served over ice for a refreshing and invigorating beverage.",5.65,565,$5.65,"ESPRESSO, COFFEE & MORE",espressos,0,true
2UCPPRMYHYZAYCKBFW7VJHF5,FCIAND7GTIFCVV2EZUM7JUXF,Iced Brown Sugar Oat Shaken Espresso,Grande,Iced Brown Sugar Oat Shaken Espresso (Grande),"Rich espresso, sweetened with a hint of brown sugar, shaken with creamy oat milk, and served over ice for a refreshing and invigorating beverage.",6.15,615,$6.15,"ESPRESSO, COFFEE & MORE",espressos,0,true
2UCPPRMYHYZAYCKBFW7VJHF5,J7UIGFCT6Y6URMASTUZ66JUI,Iced Brown Sugar Oat Shaken Espresso,Venti,Iced Brown Sugar Oat Shaken Espresso (Venti),"Rich espresso, sweetened with a hint of brown sugar, shaken with creamy oat milk, and served over ice for a refreshing and invigorating beverage.",6.65,665,$6.65,"ESPRESSO, COFFEE & MORE",espressos,0,true
BXSQREPDJNJBBFWG2Y34ZALB,35TUXQZMDQF5GI26GBPJZCNU,Iced Coffee,Tall,Iced Coffee (Tall),"A chilled blend of rich cold brew coffee and smooth cream, creating a refreshing and invigorating drink perfect for any time of day.",2.95,295,$2.95,"ESPRESSO, COFFEE & MORE",espressos,0,true
BXSQREPDJNJBBFWG2Y34ZALB,R76JVFEMHE6YSDRST4YXHDCL,Iced Coffee,Grande,Iced Coffee (Grande),"A chilled blend of rich cold brew coffee and smooth cream, creating a refreshing and invigorating drink perfect for any time of day.",3.45,345,$3.45,"ESPRESSO, COFFEE & MORE",espressos,0,true
BXSQREPDJNJBBFWG2Y34ZALB,7RSMB6H3X7KTQV53WN66SCSF,Iced Coffee,Venti,Iced Coffee (Venti),"A chilled blend of rich cold brew coffee and smooth cream, creating a refreshing and invigorating drink perfect for any time of day.",3.95,395,$3.95,"ESPRESSO, COFFEE & MORE",espressos,0,true
AFNUXDFJ6BDSSYSQSR5JBNJL,RBC3P7AE5IXTSF5EZTXIZ2ZV,Nitro Cold Brew,Tall,Nitro Cold Brew (Tall),"A cold brew coffee infused with nitrogen, creating a smooth, creamy texture with a naturally sweet flavor",5.25,525,$5.25,"ESPRESSO, COFFEE & MORE",espressos,0,true
AFNUXDFJ6BDSSYSQSR5JBNJL,WFUYG6773MELUR2L7RRRUAMN,Nitro Cold Brew,Grande,Nitro Cold Brew (Grande),"A cold brew coffee infused with nitrogen, creating a smooth, creamy texture with a naturally sweet flavor",5.45,545,$5.45,"ESPRESSO, COFFEE & MORE",espressos,0,true
SNPIMQHBIDY62LJ4MJ43M2I5,IXGXEAT7MMLCI2MMPLWVLC5Y,Nitro Cold Brew w/ Vanilla Sweet Cream Cold Foam,Tall,Nitro Cold Brew w/ Vanilla Sweet Cream Cold Foam (Tall),A combination of their signature Nitro Cold Brew topped with a cascade of vanilla sweet cream,5.75,575,$5.75,"ESPRESSO, COFFEE & MORE",espressos,0,true
SNPIMQHBIDY62LJ4MJ43M2I5,V7AX2356DPLDEOPKTGQK5FVT,Nitro Cold Brew w/ Vanilla Sweet Cream Cold Foam,Grande,Nitro Cold Brew w/ Vanilla Sweet Cream Cold Foam (Grande),A combination of their signature Nitro Cold Brew topped with a cascade of vanilla sweet cream,6.25,625,$6.25,"ESPRESSO, COFFEE & MORE",espressos,0,true
HXQCQD6YFNWI4YGKEBAPNK4R,6CQ4IRPTQGL5FQXTD4EHCX7R,Peppermint Mocha,Tall,Peppermint Mocha (Tall),"A rich blend of peppermint and chocolate flavors, combined with creamy steamed milk and topped with a dollop of whipped cream, creating a festive and refreshing beverage.",5.85,585,$5.85,"ESPRESSO, COFFEE & MORE",espressos,0,true
HXQCQD6YFNWI4YGKEBAPNK4R,7MWDCS2VG7R7STAIOQQICVJ4,Peppermint Mocha,Grande,Peppermint Mocha (Grande),"A rich blend of peppermint and chocolate flavors, combined with creamy steamed milk and topped with a dollop of whipped cream, creating a festive and refreshing beverage.",6.35,635,$6.35,"ESPRESSO, COFFEE & MORE",espressos,0,true
HXQCQD6YFNWI4YGKEBAPNK4R,HCIRO5H5CE7JPEYCRWLSG7CB,Peppermint Mocha,Venti,Peppermint Mocha (Venti),"A rich blend of peppermint and chocolate flavors, combined with creamy steamed milk and topped with a dollop of whipped cream, creating a festive and refreshing beverage.",6.85,685,$6.85,"ESPRESSO, COFFEE & MORE",espressos,0,true
TQP2FCGNVBNEUGJFR7WPORWH,DBJ3N76HMSUFWPLA6GX6ENEU,Sugar Cookie Latte,Tall,Sugar Cookie Latte (Tall),"A warm, frothy latte infused with the nostalgic flavors of sugar cookies and topped with a layer of sweet cream for a perfectly balanced sweetness.",5.85,585,$5.85,"ESPRESSO, COFFEE & MORE",espressos,0,true
TQP2FCGNVBNEUGJFR7WPORWH,R4E5MDMOWEKMXVFNWGBBYBIL,Sugar Cookie Latte,Grande,Sugar Cookie Latte (Grande),"A warm, frothy latte infused with the nostalgic flavors of sugar cookies and topped with a layer of sweet cream for a perfectly balanced sweetness.",6.35,635,$6.35,"ESPRESSO, COFFEE & MORE",espressos,0,true
TQP2FCGNVBNEUGJFR7WPORWH,JUUBWQCCG42FJFNGIW2G72ZS,Sugar Cookie Latte,Venti,Sugar Cookie Latte (Venti),"A warm, frothy latte infused with the nostalgic flavors of sugar cookies and topped with a layer of sweet cream for a perfectly balanced sweetness.",6.85,685,$6.85,"ESPRESSO, COFFEE & MORE",espressos,0,true
JPOIZDZSWFHU37LNX2D2EXYJ,3ZKZYP2HYWA7N74DWVF55ID7,Vanilla Latte,Tall,Vanilla Latte (Tall),"A classic espresso beverage consisting of espresso, steamed milk, and vanilla syrup.",5.65,565,$5.65,"ESPRESSO, COFFEE & MORE",espressos,0,true
JPOIZDZSWFHU37LNX2D2EXYJ,Z6OUJFG2YIB2JHQ7CSBUBZQ6,Vanilla Latte,Grande,Vanilla Latte (Grande),"A classic espresso beverage consisting of espresso, steamed milk, and vanilla syrup.",6.15,615,$6.15,"ESPRESSO, COFFEE & MORE",espressos,0,true
JPOIZDZSWFHU37LNX2D2EXYJ,ZITM5AI2VBWGJC5XBPSRVOLU,Vanilla Latte,Venti,Vanilla Latte (Venti),"A classic espresso beverage consisting of espresso, steamed milk, and vanilla syrup.",6.65,665,$6.65,"ESPRESSO, COFFEE & MORE",espressos,0,true
U4Q2I4IEXRHL2FVUXPA6OFPC,6ZHWUYR4WIWOINW3TTERAKVO,White Chocolate Mocha,Tall,White Chocolate Mocha (Tall),"A warm or iced coffee drink featuring espresso, white chocolate sauce, milk, and whipped cream.",5.45,545,$5.45,"ESPRESSO, COFFEE & MORE",espressos,0,true
U4Q2I4IEXRHL2FVUXPA6OFPC,BHLHA2R2BYN5XNHGKALMUCKY,White Chocolate Mocha,Grande,White Chocolate Mocha (Grande),"A warm or iced coffee drink featuring espresso, white chocolate sauce, milk, and whipped cream.",5.95,595,$5.95,"ESPRESSO, COFFEE & MORE",espressos,0,true
U4Q2I4IEXRHL2FVUXPA6OFPC,JCOTKS6RJPUUS6KPUGDA2S5F,White Chocolate Mocha,Venti,White Chocolate Mocha (Venti),"A warm or iced coffee drink featuring espresso, white chocolate sauce, milk, and whipped cream.",6.45,645,$6.45,"ESPRESSO, COFFEE & MORE",espressos,0,true
VQ4BUBY4ZMY642PBOZ6TEJFF,RMSF3HOCMP5EHOLK6MZM6W7U,Alfajores,Regular,Alfajores,"Soft cornstarch cookies are filled with creamy dulce de leche and rolled in delicate coconut flakes, offering a melt-in-your-mouth texture and a sweet, rich flavor.",2.00,200,$2.00,Food / Snacks,snacks,0,true
VQ4BUBY4ZMY642PBOZ6TEJFF,HKNJTQ3PC6KX5LIRQSFUKSA6,Alfajores,3 for $5:50,Alfajores (3 for $5:50),"Soft cornstarch cookies are filled with creamy dulce de leche and rolled in delicate coconut flakes, offering a melt-in-your-mouth texture and a sweet, rich flavor.",5.50,550,$5.50,Food / Snacks,snacks,0,true
VQ4BUBY4ZMY642PBOZ6TEJFF,WACWERMY427HD3Q5ZBF35U6P,Alfajores,6 for $10.55,Alfajores (6 for $10.55),"Soft cornstarch cookies are filled with creamy dulce de leche and rolled in delicate coconut flakes, offering a melt-in-your-mouth texture and a sweet, rich flavor.",10.55,1055,$10.55,Food / Snacks,snacks,0,true
HHAG7Y33SJ7S7MYU6AYC3QLD,PI3QKA545DT5O3BGMGH7MZ64,Boulder Canyon Chips - 1 oz Assorted,Regular,Boulder Canyon Chips - 1 oz Assorted,"Boulder Canyon Chips offer a variety of flavors in a convenient 1 oz package, featuring perfectly crispy potato chips made from premium ingredients. Each bite bursts with assorted seasonings, making for a delightful snack.",2.95,295,$2.95,Food / Snacks,snacks,0,true
VQLULL7GKGTZOZV5BPBUISNM,EF77FEOKLRXM7PUONSDGGISY,Fig Bar,Regular,Fig Bar,"Enjoy the Fig Bar, made with natural ingredients and available in delicious flavor options like raspberry and blueberry. Perfect as a convenient snack for any time of the day.",3.95,395,$3.95,Food / Snacks,snacks,0,true
F2AAYYGC6YALGU2GW37XNPHF,FMXCM3IVS3Q7Q4XQVYVI27R5,Kind Bar,Regular,Kind Bar,Crunchy almonds are paired with rich dark chocolate and a hint of sea salt to create a balanced and satisfying snack bar.,3.95,395,$3.95,Food / Snacks,snacks,0,true
N2TGAM7G6TS2ORQS7MP3UBUZ,2HJT4BQHOEDUHA7VCOAWUMBZ,Kind Bar Mini,Regular,Kind Bar Mini,"A delightful combination of crunchy almonds, rich dark chocolate, and a touch of sea salt, creating a perfect balance of sweet and savory in every bite.",2.95,295,$2.95,Food / Snacks,snacks,0,true
KOI3OOGMIZZ5B5L3PTK3WP3Z,4BNFXE752APKZMTRCL5OZJ6E,Oatmeal,Regular,Oatmeal,,4.95,495,$4.95,Food / Snacks,snacks,0,true
RFPWFCBLFT6PY5TSPG6JRM3U,B6YZ6CJR66KB6WJ5H2TFQXOL,Patter Bar Blueberry Lemon,Regular,Patter Bar Blueberry Lemon,"A wholesome energy bar made with real blueberries and zesty lemon, crafted from 100% whole food ingredients.",5.45,545,$5.45,Food / Snacks,snacks,0,true
ROO7MJMABDC4LA3MVZXJUODP,7AL2QYLITWI2JBYBRAF3PMD5,Patter Bar Chocolate Banana,Regular,Patter Bar Chocolate Banana,"A wholesome energy bar made with rich chocolate and ripe bananas, crafted from 100% whole food ingredients for a nutritious and satisfying snack.",5.45,545,$5.45,Food / Snacks,snacks,0,true
EJ24AAGX2PCPXZRTRO6WGIYT,27LL3LC4BY4U5PW5TCID6L3T,"Pistachios, Roasted & Salted, 1.5 oz",Regular,"Pistachios, Roasted & Salted, 1.5 oz","Roasted pistachios seasoned with a touch of salt, offering a crunchy and savory snack in a convenient 1.5 oz package.",1.95,195,$1.95,Food / Snacks,snacks,0,true
ULDF7F24BO4V4G7WMPKOQZ3R,Q2RN4JEWPCFCLAPS3T7BH5OO,Rich Brownies - Crack Brownie,Regular,Rich Brownies - Crack Brownie,"Decadent brownies loaded with rich chocolate chips, gooey mini marshmallows, and sweet caramel bits, baked to perfection in a luscious brownie batter.",5.95,595,$5.95,Food / Snacks,snacks,0,true
RKW2RENP6Y5EDRYGPUT2NE5P,QYRXKXU6ZYBW7RHRJJJVB6LE,Rich Brownies - M&M Brownie,Regular,Rich Brownies - M&M Brownie,"Decadent rich chocolate brownies with a fudgy texture, topped with a generous sprinkle of colorful M&M candies for a delightful crunch.",5.95,595,$5.95,Food / Snacks,snacks,0,true
GGMQ3GB3S3YVRZCNVKFGKJD6,KJGT3A4G75FRWLV4BM566JHL,Rich Brownies - Peanut Butter Brownie,Regular,Rich Brownies - Peanut Butter Brownie,"Decadent chocolate brownies with a fudgy texture, swirled with creamy peanut butter for a rich and satisfying treat.",5.95,595,$5.95,Food / Snacks,snacks,0,true
EINYYRDT7BTV2DJA622YSXGV,XHM2OZEJWBEB7QLBSIIP5D3E,Affogato,Regular,Affogato,"Freshly brewed espresso poured over creamy vanilla ice cream, resulting in a harmonious blend of hot and cold with a delightful bittersweet flavor.",8.95,895,$8.95,Ice Cream,ice-cream,0,true
NR6FEV2KS47VHBQCIBIMU4L4,ZESNC3BSGCKHFKFGSUAEHATH,Ice Cream - Cookie Dough,1 scoop,Ice Cream - Cookie Dough (1 scoop),A creamy vanilla base with generous chunks of chocolate chip cookie dough.,5.95,595,$5.95,Ice Cream,ice-cream,0,true
NR6FEV2KS47VHBQCIBIMU4L4,CMYMORRKJ4HWZZ5VYIAPNSRW,Ice Cream - Cookie Dough,2 scoops,Ice Cream - Cookie Dough (2 scoops),A creamy vanilla base with generous chunks of chocolate chip cookie dough.,7.95,795,$7.95,Ice Cream,ice-cream,0,true
NR6FEV2KS47VHBQCIBIMU4L4,H2UUXXVR3IKU2LUEHMAA5GTJ,Ice Cream - Cookie Dough,3 scoops,Ice Cream - Cookie Dough (3 scoops),A creamy vanilla base with generous chunks of chocolate chip cookie dough.,9.95,995,$9.95,Ice Cream,ice-cream,0,true
OWJ47VP62ARIUYQXRA5UK2TB,ONOHZI5KRGBABLWWNHR4K5PI,Ice Cream - Salty O,1 scoop,Ice Cream - Salty O (1 scoop),"a vanilla-based ice cream with a generous amount of Oreo cookies, and a noticeable salty kick.",5.95,595,$5.95,Ice Cream,ice-cream,0,true
OWJ47VP62ARIUYQXRA5UK2TB,USSELLE3FSCREI5EXPJNITEN,Ice Cream - Salty O,2 scoops,Ice Cream - Salty O (2 scoops),"a vanilla-based ice cream with a generous amount of Oreo cookies, and a noticeable salty kick.",7.95,795,$7.95,Ice Cream,ice-cream,0,true
OWJ47VP62ARIUYQXRA5UK2TB,LFSVQWS4MKLRHYFZVWZXCWYD,Ice Cream - Salty O,3 scoops,Ice Cream - Salty O (3 scoops),"a vanilla-based ice cream with a generous amount of Oreo cookies, and a noticeable salty kick.",9.95,995,$9.95,Ice Cream,ice-cream,0,true
KO6BHB2WHEM7XKXE3YOULNDW,IG6VS7EPK3HCPLQ5PAWKOHIM,Ice Cream - Space Junkie,1 scoop,Ice Cream - Space Junkie (1 scoop),A black raspberry ice cream base mixed with homemade brownie bites and marshmallow swirl.,5.95,595,$5.95,Ice Cream,ice-cream,0,true
KO6BHB2WHEM7XKXE3YOULNDW,H72IXS6LQ5SHMHZG2G2RMIEO,Ice Cream - Space Junkie,2 scoops,Ice Cream - Space Junkie (2 scoops),A black raspberry ice cream base mixed with homemade brownie bites and marshmallow swirl.,7.95,795,$7.95,Ice Cream,ice-cream,0,true
KO6BHB2WHEM7XKXE3YOULNDW,YPHDEQ77G3M375ZGTDLOXNFP,Ice Cream - Space Junkie,3 scoops,Ice Cream - Space Junkie (3 scoops),A black raspberry ice cream base mixed with homemade brownie bites and marshmallow swirl.,9.95,995,$9.95,Ice Cream,ice-cream,0,true
V6WJBXB2ULODMJ4UFBOXOUF4,VDJBOWRI6J2SM27C5HTQHOHV,Ice Cream - Vanilla,1 scoop,Ice Cream - Vanilla (1 scoop),"a classic, creamy vanilla.",5.95,595,$5.95,Ice Cream,ice-cream,0,true
V6WJBXB2ULODMJ4UFBOXOUF4,DPEY7WCY5B3VSIYP7PFR3XB6,Ice Cream - Vanilla,2 scoops,Ice Cream - Vanilla (2 scoops),"a classic, creamy vanilla.",7.95,795,$7.95,Ice Cream,ice-cream,0,true
V6WJBXB2ULODMJ4UFBOXOUF4,NV6VNGJLGGXM4T6EV2W7BGBU,Ice Cream - Vanilla,3 scoops,Ice Cream - Vanilla (3 scoops),"a classic, creamy vanilla.",9.95,995,$9.95,Ice Cream,ice-cream,0,true
RLRHN6VUIMUKFVZILCT5ZJG2,3GD4BEMTCQLE24VSKSZHXG4Y,Ice Cream (bulk) - Vegan Chocolate Salty O,Pint,Ice Cream (bulk) - Vegan Chocolate Salty O (Pint),"A vegan chocolate ice cream with cookie pieces, described as a vegan version of their popular Salted Oreo flavor.",9.95,995,$9.95,Ice Cream,ice-cream,0,true
RLRHN6VUIMUKFVZILCT5ZJG2,ZALKBTSAWTQ7MMWDAFDWTVBH,Ice Cream (bulk) - Vegan Chocolate Salty O,Quart,Ice Cream (bulk) - Vegan Chocolate Salty O (Quart),"A vegan chocolate ice cream with cookie pieces, described as a vegan version of their popular Salted Oreo flavor.",19.95,1995,$19.95,Ice Cream,ice-cream,0,true
27KX73FQWVNSJ65XYFBA5IUN,2DLTMCWMLDRAHGN7U7Z4MSMD,Cream cheese 1.5oz,Regular,Cream cheese 1.5oz,"A 1.5oz serving of smooth and creamy cream cheese, known for its rich and tangy flavor, perfect for spreading on bagels or adding to your favorite recipes.",1.75,175,$1.75,Other Favorites,other-favorites,0,true
EHGYHGHVPA2NFHFQWVM4G5PI,LL7FPKSWO5TXSCO22745ELGK,Hot Chocolate,Tall,Hot Chocolate (Tall),"A luxurious blend of rich chocolate and creamy milk, topped with fluffy marshmallows for a delightful finish.",3.95,395,$3.95,Other Favorites,other-favorites,0,true
EHGYHGHVPA2NFHFQWVM4G5PI,7STRY7NIXHDIC6KFV5X55D3Y,Hot Chocolate,Grande,Hot Chocolate (Grande),"A luxurious blend of rich chocolate and creamy milk, topped with fluffy marshmallows for a delightful finish.",4.35,435,$4.35,Other Favorites,other-favorites,0,true
EHGYHGHVPA2NFHFQWVM4G5PI,J36KGVE6TZTGGJPXKYDDFBR6,Hot Chocolate,Venti,Hot Chocolate (Venti),"A luxurious blend of rich chocolate and creamy milk, topped with fluffy marshmallows for a delightful finish.",4.85,485,$4.85,Other Favorites,other-favorites,0,true
C3SAHLUTSOIA5G75LAZSLI3O,YZ5H6LK6LB7LPS5QDYLH7GZV,Steamed Milk,Tall,Steamed Milk (Tall),"Steamed to perfection, this milk boasts a creamy texture and mild flavor, crowned with a delicate foamy top.",3.25,325,$3.25,Other Favorites,other-favorites,0,true
C3SAHLUTSOIA5G75LAZSLI3O,JECSE3IWLHCT7UC5ALFXNAAE,Steamed Milk,Grande,Steamed Milk (Grande),"Steamed to perfection, this milk boasts a creamy texture and mild flavor, crowned with a delicate foamy top.",3.45,345,$3.45,Other Favorites,other-favorites,0,true
C3SAHLUTSOIA5G75LAZSLI3O,KCD42QUX2AKVTAUUE6QL7KAW,Steamed Milk,Venti,Steamed Milk (Venti),"Steamed to perfection, this milk boasts a creamy texture and mild flavor, crowned with a delicate foamy top.",3.65,365,$3.65,Other Favorites,other-favorites,0,true
NSIHZOF4FOVOSW5NJTVMCF6L,H7OOZQ6DFK2MG6VJQW7TKP4X,Vegan cream cheese 1.5oz,Regular,Vegan cream cheese 1.5oz,"Smooth and creamy plant-based cream cheese, perfect for spreading on bagels or adding to your favorite recipes. Enjoy a delightful dairy-free alternative with rich texture and flavor.",2.00,200,$2.00,Other Favorites,other-favorites,0,true
KTKEL2E4LC3LSR3F2YTLFUHS,PR5JJZEQJB5OBGPXMC2S5OD2,White Hot Chocolate,Tall,White Hot Chocolate (Tall),"Rich white chocolate blended with a hint of vanilla, creating a smooth and creamy beverage that warms you from the inside out.",4.25,425,$4.25,Other Favorites,other-favorites,0,true
KTKEL2E4LC3LSR3F2YTLFUHS,S62T2GMBHOSRKEAA2P2GFAQY,White Hot Chocolate,Grande,White Hot Chocolate (Grande),"Rich white chocolate blended with a hint of vanilla, creating a smooth and creamy beverage that warms you from the inside out.",4.95,495,$4.95,Other Favorites,other-favorites,0,true
KTKEL2E4LC3LSR3F2YTLFUHS,GONHMAJHWP5E2QACIVGH5S6R,White Hot Chocolate,Venti,White Hot Chocolate (Venti),"Rich white chocolate blended with a hint of vanilla, creating a smooth and creamy beverage that warms you from the inside out.",5.45,545,$5.45,Other Favorites,other-favorites,0,true
ELAA3YKAUSRQH2R55N4NS6VX,XQQYMBZAFSPYS3U27BA7ZZ76,Butter Croissant,Regular,Butter Croissant,"A classic butter croissant featuring buttery, flaky layers and a golden brown crust, perfect for any time of day.",5.95,595,$5.95,Pastries & Sweets,pastries,0,true
E6FBVHFCZNT5FCO7MDVYZ6BF,FT6P7G5XP5CVBTDDAEGQJO6Q,Cake Pop Apple Spice Cake,Regular,Cake Pop Apple Spice Cake,"A bite-sized treat featuring moist strawberry cake, encased in a smooth, sweet icing, and presented in a convenient cake pop form.",3.95,395,$3.95,Pastries & Sweets,pastries,0,true
LATKY2V7RFTEA3DDAFSBBR4K,FZFETRHUGMBE5HTUHYI7W352,Cake Pop Birthday Cake,Regular,Cake Pop Birthday Cake,"Delightful vanilla cake, adorned with colorful sprinkles, and encased in a rich chocolate coating, all crafted into fun and festive cake pops perfect for any birthday celebration.",3.95,395,$3.95,Pastries & Sweets,pastries,0,true
OFMYDCXJJU5GX63NR3P5HZMU,LSVBNBHPCGMH6RUSW4HSYCUO,Cake Pop Chocolate Cake,Regular,Cake Pop Chocolate Cake,"A decadent chocolate cake pop featuring moist chocolate cake, enveloped in rich, sweet frosting, and presented on a convenient stick for a delightful treat.",3.95,395,$3.95,Pastries & Sweets,pastries,0,true
MALINW2TGXXJVVBEWCLH4NWY,5BXDXTSEX23PQRRKDRB764UK,Cake Pop Cookies & Cream Cake,Regular,Cake Pop Cookies & Cream Cake,"A bite-sized treat featuring moist strawberry cake, encased in a smooth, sweet icing, and presented in a convenient cake pop form.",3.95,395,$3.95,Pastries & Sweets,pastries,0,true
X4KQOXE6CYREBM4IDTPZMSI4,FJABRYNS6LE4H3A7VHJ5LLY5,Cake Pop Strawberry Cake,Regular,Cake Pop Strawberry Cake,"A bite-sized treat featuring moist strawberry cake, encased in a smooth, sweet icing, and presented in a convenient cake pop form.",3.95,395,$3.95,Pastries & Sweets,pastries,0,true
MTJ6E7RBFMRGK5A5JO254FUT,2HECROJRRIBT5ZGQVUNZT3S4,Cake Pops 3 for $10,Regular,Cake Pops 3 for $10,"Moist cake pops, dipped in a rich chocolate coating and adorned with colorful sprinkles. Perfectly portioned for a delightful treat.",10.00,1000,$10.00,Pastries & Sweets,pastries,0,true
HSOLOJSBXTSHZZ3KVNHYYZTF,2GSUHZIZRUGZ4AJID4YN3OLX,Coffee cake,Regular,Coffee cake,"A moist coffee cake featuring a rich cinnamon swirl and a buttery crumb topping, delivering a perfect balance of sweetness and spice.",5.95,595,$5.95,Pastries & Sweets,pastries,0,true
OFIULJ64VPPJLONCUSVDYXAT,QTVMOQ33MBTPV3G7QNTPNFHR,Cookie,Regular,Cookie,"Soft and buttery cookies available in three delightful varieties: classic chocolate chip, cinnamon-sugar snickerdoodle, and rich peanut butter.",4.95,495,$4.95,Pastries & Sweets,pastries,0,true
OFIULJ64VPPJLONCUSVDYXAT,337DRTTFDWG2OMFXVB7ND4VV,Cookie,Chocolate Chip,Cookie (Chocolate Chip),"Soft and buttery cookies available in three delightful varieties: classic chocolate chip, cinnamon-sugar snickerdoodle, and rich peanut butter.",4.95,495,$4.95,Pastries & Sweets,pastries,0,true
OFIULJ64VPPJLONCUSVDYXAT,HQNSTCPUYYAW3WPQA7VBBYL3,Cookie,Snickerdoodle,Cookie (Snickerdoodle),"Soft and buttery cookies available in three delightful varieties: classic chocolate chip, cinnamon-sugar snickerdoodle, and rich peanut butter.",4.95,495,$4.95,Pastries & Sweets,pastries,0,true
OFIULJ64VPPJLONCUSVDYXAT,7S4IR6FDLCS4BEGX6YX6MRY5,Cookie,Peanut Butter,Cookie (Peanut Butter),"Soft and buttery cookies available in three delightful varieties: classic chocolate chip, cinnamon-sugar snickerdoodle, and rich peanut butter.",4.95,495,$4.95,Pastries & Sweets,pastries,0,true
OFIULJ64VPPJLONCUSVDYXAT,MT2UHDL7NF3ZZMHOQ56RJSPU,Cookie,Oatmeal Raisin,Cookie (Oatmeal Raisin),"Soft and buttery cookies available in three delightful varieties: classic chocolate chip, cinnamon-sugar snickerdoodle, and rich peanut butter.",4.95,495,$4.95,Pastries & Sweets,pastries,0,true
FI576SXJ4PM4IYBWSTCP4VXI,FTS6UCZCE7PXR3EZOOAIEJAW,Danish,Regular,Danish,"A buttery, flaky pastry filled with a rich cinnamon swirl, offering a perfect combination of sweetness and spice in every bite.",4.95,495,$4.95,Pastries & Sweets,pastries,0,true
FI576SXJ4PM4IYBWSTCP4VXI,LOLKN5PMRM26HMK6NJNB6ALX,Danish,Apple,Danish (Apple),"A buttery, flaky pastry filled with a rich cinnamon swirl, offering a perfect combination of sweetness and spice in every bite.",4.95,495,$4.95,Pastries & Sweets,pastries,0,true
FI576SXJ4PM4IYBWSTCP4VXI,57T2C6JZB7OUQVRGNG4MYBDB,Danish,Blueberry,Danish (Blueberry),"A buttery, flaky pastry filled with a rich cinnamon swirl, offering a perfect combination of sweetness and spice in every bite.",4.95,495,$4.95,Pastries & Sweets,pastries,0,true
FI576SXJ4PM4IYBWSTCP4VXI,55JROOVCBBCZKY2HHJHB7YWU,Danish,Cream Cheese,Danish (Cream Cheese),"A buttery, flaky pastry filled with a rich cinnamon swirl, offering a perfect combination of sweetness and spice in every bite.",4.95,495,$4.95,Pastries & Sweets,pastries,0,true
FI576SXJ4PM4IYBWSTCP4VXI,UJCAGQTHPOA45A6LGVS4OJSA,Danish,Cherry,Danish (Cherry),"A buttery, flaky pastry filled with a rich cinnamon swirl, offering a perfect combination of sweetness and spice in every bite.",4.95,495,$4.95,Pastries & Sweets,pastries,0,true
FI576SXJ4PM4IYBWSTCP4VXI,NTNX5QRASTHFLDPFKSHPI4W3,Danish,Raspberry,Danish (Raspberry),"A buttery, flaky pastry filled with a rich cinnamon swirl, offering a perfect combination of sweetness and spice in every bite.",4.95,495,$4.95,Pastries & Sweets,pastries,0,true
FI576SXJ4PM4IYBWSTCP4VXI,2T55KEXCH7AL3ID4G4LJULCP,Danish,Lemon,Danish (Lemon),"A buttery, flaky pastry filled with a rich cinnamon swirl, offering a perfect combination of sweetness and spice in every bite.",4.95,495,$4.95,Pastries & Sweets,pastries,0,true
UI5XRLXJ4NGQQPGGH3YCRS3I,A5ELKHTAJ7U6QU4NK7ICGV7T,Danish (mini),Regular,Danish (mini),"A mini Danish with a flaky pastry, buttery texture, and a sweet filling that melts in your mouth.",2.95,295,$2.95,Pastries & Sweets,pastries,0,true
UI5XRLXJ4NGQQPGGH3YCRS3I,W3JMEFRTBODC57S2MHKNXLB3,Danish (mini),Apple,Danish (mini) (Apple),"A mini Danish with a flaky pastry, buttery texture, and a sweet filling that melts in your mouth.",2.95,295,$2.95,Pastries & Sweets,pastries,0,true
UI5XRLXJ4NGQQPGGH3YCRS3I,UXSH5ONUW5G4QC42B7YOWDIF,Danish (mini),Blueberry,Danish (mini) (Blueberry),"A mini Danish with a flaky pastry, buttery texture, and a sweet filling that melts in your mouth.",2.95,295,$2.95,Pastries & Sweets,pastries,0,true
UI5XRLXJ4NGQQPGGH3YCRS3I,4XU7VBK5SQ4EVGOTQQ3DHZC6,Danish (mini),Cream Cheese,Danish (mini) (Cream Cheese),"A mini Danish with a flaky pastry, buttery texture, and a sweet filling that melts in your mouth.",2.95,295,$2.95,Pastries & Sweets,pastries,0,true
UI5XRLXJ4NGQQPGGH3YCRS3I,HLTPIJWWFH2NE3RHBYB5IFRL,Danish (mini),Cherry,Danish (mini) (Cherry),"A mini Danish with a flaky pastry, buttery texture, and a sweet filling that melts in your mouth.",2.95,295,$2.95,Pastries & Sweets,pastries,0,true
UI5XRLXJ4NGQQPGGH3YCRS3I,VTACBIO4CMEXFEJDRDONNDM6,Danish (mini),Raspberry,Danish (mini) (Raspberry),"A mini Danish with a flaky pastry, buttery texture, and a sweet filling that melts in your mouth.",2.95,295,$2.95,Pastries & Sweets,pastries,0,true
UI5XRLXJ4NGQQPGGH3YCRS3I,XFG3KH4KRUB6KAGOFY5ZZ3E5,Danish (mini),Lemon,Danish (mini) (Lemon),"A mini Danish with a flaky pastry, buttery texture, and a sweet filling that melts in your mouth.",2.95,295,$2.95,Pastries & Sweets,pastries,0,true
3YCWI23PXRS5VTM7HB4RH5XT,ZUDPSI33L2FH2MALKLUFQTHN,Dubai Chocolate Bar,Regular,Dubai Chocolate Bar,"A decadent blend of rich chocolate, layered with crispy caramel and sprinkled with crunchy nuts, creating a delightful texture and flavor combination.",18.00,1800,$18.00,Pastries & Sweets,pastries,0,true
5WK5LLG5XGWTJ3TG6LPOUKVC,56OY364T3U7O442SKPTWIMSO,Filled Croissant,Regular,Filled Croissant,"A delicate, buttery pastry with a delightfully flaky texture, filled with a rich, creamy filling that melts in your mouth.",4.95,495,$4.95,Pastries & Sweets,pastries,0,true
5WK5LLG5XGWTJ3TG6LPOUKVC,IT67GEXHXUO24DN47VEA7HQL,Filled Croissant,Almond,Filled Croissant (Almond),"A delicate, buttery pastry with a delightfully flaky texture, filled with a rich, creamy filling that melts in your mouth.",4.95,495,$4.95,Pastries & Sweets,pastries,0,true
5WK5LLG5XGWTJ3TG6LPOUKVC,2UN2YDMMH4VUFSNWPIQTNWW5,Filled Croissant,Chocolate,Filled Croissant (Chocolate),"A delicate, buttery pastry with a delightfully flaky texture, filled with a rich, creamy filling that melts in your mouth.",4.95,495,$4.95,Pastries & Sweets,pastries,0,true
5WK5LLG5XGWTJ3TG6LPOUKVC,JXNADQR4TQLHBCJKWPI26PSE,Filled Croissant,Cream Cheese,Filled Croissant (Cream Cheese),"A delicate, buttery pastry with a delightfully flaky texture, filled with a rich, creamy filling that melts in your mouth.",4.95,495,$4.95,Pastries & Sweets,pastries,0,true
5WK5LLG5XGWTJ3TG6LPOUKVC,4ITC3PSB6S4HCUURKWBPV6XG,Filled Croissant,Cherry,Filled Croissant (Cherry),"A delicate, buttery pastry with a delightfully flaky texture, filled with a rich, creamy filling that melts in your mouth.",4.95,495,$4.95,Pastries & Sweets,pastries,0,true
5WK5LLG5XGWTJ3TG6LPOUKVC,WAABQI6TOJDPRLQF2OSWMCPW,Filled Croissant,Apple,Filled Croissant (Apple),"A delicate, buttery pastry with a delightfully flaky texture, filled with a rich, creamy filling that melts in your mouth.",4.95,495,$4.95,Pastries & Sweets,pastries,0,true
5WK5LLG5XGWTJ3TG6LPOUKVC,JNHQBMBS4FFVNLZULDRGMCYS,Filled Croissant,Blueberry,Filled Croissant (Blueberry),"A delicate, buttery pastry with a delightfully flaky texture, filled with a rich, creamy filling that melts in your mouth.",4.95,495,$4.95,Pastries & Sweets,pastries,0,true
5WK5LLG5XGWTJ3TG6LPOUKVC,FPUT5B5BCD3JBL5Y2RYLVV22,Filled Croissant,Raspberry,Filled Croissant (Raspberry),"A delicate, buttery pastry with a delightfully flaky texture, filled with a rich, creamy filling that melts in your mouth.",4.95,495,$4.95,Pastries & Sweets,pastries,0,true
ZHUFY4RPG2OZMOX4NW2ULSYQ,4P5TZ7ITSMEFBDSD6HJDPJYG,GF Cinnamon Coffee Cake Bread,Regular,GF Cinnamon Coffee Cake Bread,"A flavorful gluten-free cinnamon coffee cake with a soft, moist texture and a hint of spice, ideal for satisfying sweet cravings.",4.95,495,$4.95,Pastries & Sweets,pastries,0,true
FJJVMTLCYLLY33AW2EKBBIXS,IBIDPPYUEJKPMF2KUK3P66GQ,GF Lemon Poppyseed Bread,Regular,GF Lemon Poppyseed Bread,"A delightful gluten-free treat, this lemon poppyseed pastry combines vibrant citrus flavor with a freshly baked, tender texture—perfect for those seeking a delicious, wheat-free option.",4.95,495,$4.95,Pastries & Sweets,pastries,0,true
DD46DDXAMM6DHZADMD3C4BDS,F3J5GUGJJIKILMQEEGWPMTZR,GF Pumpkin Bread,Regular,GF Pumpkin Bread,"Enjoy the delicious flavor of our Gluten Free Pumpkin Bread, a healthy option that's easy to bake and perfect for any occasion. Crafted with quality ingredients, it’s a delightful treat for everyone to savor.",4.95,495,$4.95,Pastries & Sweets,pastries,0,true
VTRP72CCZF3DKW2LL54EKQKF,6FPILOX7NNFJWLQBZ3QU7QQQ,Muffin,Regular,Muffin,"A moist and crumbly muffin bursting with juicy blueberries, offering a delightful balance of sweetness and texture in every bite.",4.95,495,$4.95,Pastries & Sweets,pastries,0,true
VTRP72CCZF3DKW2LL54EKQKF,5RGSJHS6D5777D7LYM4UFSI6,Muffin,Almond,Muffin (Almond),"A moist and crumbly muffin bursting with juicy blueberries, offering a delightful balance of sweetness and texture in every bite.",4.95,495,$4.95,Pastries & Sweets,pastries,0,true
VTRP72CCZF3DKW2LL54EKQKF,TVOGDRIP2IYPQCJI7EEZPS5I,Muffin,Apple Cinnamon,Muffin (Apple Cinnamon),"A moist and crumbly muffin bursting with juicy blueberries, offering a delightful balance of sweetness and texture in every bite.",4.95,495,$4.95,Pastries & Sweets,pastries,0,true
VTRP72CCZF3DKW2LL54EKQKF,K4FAPT3YFAA22DUDGRR23RXB,Muffin,Blueberry,Muffin (Blueberry),"A moist and crumbly muffin bursting with juicy blueberries, offering a delightful balance of sweetness and texture in every bite.",4.95,495,$4.95,Pastries & Sweets,pastries,0,true
VTRP72CCZF3DKW2LL54EKQKF,YUBOOICHK5O743IFTXZE3SNR,Muffin,Banana Nut,Muffin (Banana Nut),"A moist and crumbly muffin bursting with juicy blueberries, offering a delightful balance of sweetness and texture in every bite.",4.95,495,$4.95,Pastries & Sweets,pastries,0,true
VTRP72CCZF3DKW2LL54EKQKF,FYCMEA4ZACU4USI55ITV3HL4,Muffin,Chocolate,Muffin (Chocolate),"A moist and crumbly muffin bursting with juicy blueberries, offering a delightful balance of sweetness and texture in every bite.",5.95,595,$5.95,Pastries & Sweets,pastries,0,true
VTRP72CCZF3DKW2LL54EKQKF,FALYJJRQZPKUVAY6QDYNIBBJ,Muffin,Raspberry,Muffin (Raspberry),"A moist and crumbly muffin bursting with juicy blueberries, offering a delightful balance of sweetness and texture in every bite.",4.95,495,$4.95,Pastries & Sweets,pastries,0,true
VTRP72CCZF3DKW2LL54EKQKF,YYYI2N7A5HWR4T27R7TZ5CSV,Muffin,Lemon Poppy Seed,Muffin (Lemon Poppy Seed),"A moist and crumbly muffin bursting with juicy blueberries, offering a delightful balance of sweetness and texture in every bite.",4.95,495,$4.95,Pastries & Sweets,pastries,0,true
R7B55DWT4RKZKL6MR3KLFWAI,QH5GEXR2JGAEF5ZYU33G5RYF,Vegan/GF Cinnamon Coffee Cake Bread,Regular,Vegan/GF Cinnamon Coffee Cake Bread,"A delectable vegan and gluten-free cinnamon coffee cake crafted with wholesome ingredients, offering a moist texture and warm spice flavor, perfect for those with dietary restrictions.",4.95,495,$4.95,Pastries & Sweets,pastries,0,true
GQ7GOXCOPQ5SZIRU6OAS4AG2,SBE3G3BZRP4ODCTNYVXNAZWK,Vegan/GF Pumpkin Bread,Regular,Vegan/GF Pumpkin Bread,"This vegan and gluten-free pumpkin bread combines delicious flavor with wholesome, healthy ingredients. Easy to bake, it’s the perfect treat for any occasion!",4.95,495,$4.95,Pastries & Sweets,pastries,0,true
H2BMBA7QH5Y6R2UN6OSDPX5O,ZCAH6JM7OVKORHM4IFMEKBH7,Apple Crisp Oatmilk Iced Shaken Espresso,Tall,Apple Crisp Oatmilk Iced Shaken Espresso (Tall),"A fall-inspired beverage that combines the flavors of apple, cinnamon, and brown sugar with espresso and oat milk.",5.85,585,$5.85,Seasonal,seasonal,0,true
H2BMBA7QH5Y6R2UN6OSDPX5O,PCU77XPDDC7KM763BKLWKGZ3,Apple Crisp Oatmilk Iced Shaken Espresso,Grande,Apple Crisp Oatmilk Iced Shaken Espresso (Grande),"A fall-inspired beverage that combines the flavors of apple, cinnamon, and brown sugar with espresso and oat milk.",6.35,635,$6.35,Seasonal,seasonal,0,true
H2BMBA7QH5Y6R2UN6OSDPX5O,D6P6HTJHEHGIEY2SO7EF7LSX,Apple Crisp Oatmilk Iced Shaken Espresso,Venti,Apple Crisp Oatmilk Iced Shaken Espresso (Venti),"A fall-inspired beverage that combines the flavors of apple, cinnamon, and brown sugar with espresso and oat milk.",6.85,685,$6.85,Seasonal,seasonal,0,true
74IWLLJEUJMZ573WLFO7GENK,YRS727PHR4TGPL2VWX4FPWFA,Iced Apple Crisp NonDairy Cream Chai,Tall,Iced Apple Crisp NonDairy Cream Chai (Tall),A seasonal beverage that combines the flavors of chai tea with apple and a non-dairy cream topping.,5.85,585,$5.85,Seasonal,seasonal,0,true
74IWLLJEUJMZ573WLFO7GENK,ZZ7U53KG4GIBJDQ6QQN6FZQD,Iced Apple Crisp NonDairy Cream Chai,Grande,Iced Apple Crisp NonDairy Cream Chai (Grande),A seasonal beverage that combines the flavors of chai tea with apple and a non-dairy cream topping.,6.35,635,$6.35,Seasonal,seasonal,0,true
74IWLLJEUJMZ573WLFO7GENK,FFOGIY7RJ72FGCNRE6Z7F4P2,Iced Apple Crisp NonDairy Cream Chai,Venti,Iced Apple Crisp NonDairy Cream Chai (Venti),A seasonal beverage that combines the flavors of chai tea with apple and a non-dairy cream topping.,6.85,685,$6.85,Seasonal,seasonal,0,true
NPGDPQBNKLLF2T7LSIC4526A,TUTHNSAPIXEXCTTEMB2K5AZM,Iced Pumpkin Cream Chai,Tall,Iced Pumpkin Cream Chai (Tall),"A refreshing blend of spiced chai tea and smooth pumpkin spice cream, served chilled with a velvety texture.",5.85,585,$5.85,Seasonal,seasonal,0,true
NPGDPQBNKLLF2T7LSIC4526A,EIAT7YFVZ6CVGRKLK2SC6E6U,Iced Pumpkin Cream Chai,Grande,Iced Pumpkin Cream Chai (Grande),"A refreshing blend of spiced chai tea and smooth pumpkin spice cream, served chilled with a velvety texture.",6.35,635,$6.35,Seasonal,seasonal,0,true
NPGDPQBNKLLF2T7LSIC4526A,TJ2RGZ74NPA2XN4QCCYVFLZQ,Iced Pumpkin Cream Chai,Venti,Iced Pumpkin Cream Chai (Venti),"A refreshing blend of spiced chai tea and smooth pumpkin spice cream, served chilled with a velvety texture.",6.85,685,$6.85,Seasonal,seasonal,0,true
Y2S2ZA53SZ64KLSIYO2TTCWE,VOI4ESK5SR3ZMFDYB7N22N5J,Pecan Crunch Oat Milk Latte,Tall,Pecan Crunch Oat Milk Latte (Tall),"A creamy latte infused with rich pumpkin puree and topped with a crunchy oat milk foam, offering a warm and comforting seasonal delight.",5.85,585,$5.85,Seasonal,seasonal,0,true
Y2S2ZA53SZ64KLSIYO2TTCWE,3DIDH5GJ5ENFQOZMSWR5A76K,Pecan Crunch Oat Milk Latte,Grande,Pecan Crunch Oat Milk Latte (Grande),"A creamy latte infused with rich pumpkin puree and topped with a crunchy oat milk foam, offering a warm and comforting seasonal delight.",6.35,635,$6.35,Seasonal,seasonal,0,true
Y2S2ZA53SZ64KLSIYO2TTCWE,AV5QYLJTM3UWQYIJWB6TYTGX,Pecan Crunch Oat Milk Latte,Venti,Pecan Crunch Oat Milk Latte (Venti),"A creamy latte infused with rich pumpkin puree and topped with a crunchy oat milk foam, offering a warm and comforting seasonal delight.",6.85,685,$6.85,Seasonal,seasonal,0,true
667UFV4HAAIBAWBAIQ5OBC7P,TVCIQEYBKIILRGC4M4CJNSLU,Pumpkin Cream Cold Brew,Tall,Pumpkin Cream Cold Brew (Tall),"A fall-themed beverage featuring Starbucks' signature cold brew coffee, vanilla syrup, and a pumpkin cream cold foam topping.",5.85,585,$5.85,Seasonal,seasonal,0,true
667UFV4HAAIBAWBAIQ5OBC7P,TRVQ64Y27ZFHQ2TEYN2O6LYZ,Pumpkin Cream Cold Brew,Grande,Pumpkin Cream Cold Brew (Grande),"A fall-themed beverage featuring Starbucks' signature cold brew coffee, vanilla syrup, and a pumpkin cream cold foam topping.",6.35,635,$6.35,Seasonal,seasonal,0,true
667UFV4HAAIBAWBAIQ5OBC7P,6K365OSMEPADEPJPEVMLUKYI,Pumpkin Cream Cold Brew,Venti,Pumpkin Cream Cold Brew (Venti),"A fall-themed beverage featuring Starbucks' signature cold brew coffee, vanilla syrup, and a pumpkin cream cold foam topping.",6.85,685,$6.85,Seasonal,seasonal,0,true
ZKSUJH6JZNUWAMWGIQH2ZZFO,27CMY5XJD5K7EWWXZUEO6UPM,Pumpkin Spice Chai,Tall,Pumpkin Spice Chai (Tall),"A blend of black tea infused with cinnamon and other warming spices, mixed with milk and topped with pumpkin cream cold foam and a dusting of pumpkin spice.",5.85,585,$5.85,Seasonal,seasonal,0,true
ZKSUJH6JZNUWAMWGIQH2ZZFO,L2IFW6P2HVWY4M6F3CFR2W5O,Pumpkin Spice Chai,Grande,Pumpkin Spice Chai (Grande),"A blend of black tea infused with cinnamon and other warming spices, mixed with milk and topped with pumpkin cream cold foam and a dusting of pumpkin spice.",6.35,635,$6.35,Seasonal,seasonal,0,true
ZKSUJH6JZNUWAMWGIQH2ZZFO,VS26JYOCM7AWMRK7PERPJF3J,Pumpkin Spice Chai,Venti,Pumpkin Spice Chai (Venti),"A blend of black tea infused with cinnamon and other warming spices, mixed with milk and topped with pumpkin cream cold foam and a dusting of pumpkin spice.",6.85,685,$6.85,Seasonal,seasonal,0,true
GFDNPJSOGTZ64CJK4WAQT2GN,S53ZHM4BA3AOSWFMHMEHWH53,Pumpkin Spice Frappuccino,Tall,Pumpkin Spice Frappuccino (Tall),"A delightful blend of pumpkin spice and creamy textures, topped with a generous swirl of whipped cream.",5.75,575,$5.75,Seasonal,seasonal,0,true
GFDNPJSOGTZ64CJK4WAQT2GN,3WPAF46P7DHE7V3IKHKAW2LR,Pumpkin Spice Frappuccino,Grande,Pumpkin Spice Frappuccino (Grande),"A delightful blend of pumpkin spice and creamy textures, topped with a generous swirl of whipped cream.",6.25,625,$6.25,Seasonal,seasonal,0,true
GFDNPJSOGTZ64CJK4WAQT2GN,CBCE5EJ54VH767KTFQDPIMZW,Pumpkin Spice Frappuccino,Venti,Pumpkin Spice Frappuccino (Venti),"A delightful blend of pumpkin spice and creamy textures, topped with a generous swirl of whipped cream.",6.75,675,$6.75,Seasonal,seasonal,0,true
FMQTLSRSFKGSHIGJZNJVZMRF,M3ELF75FXS7ASA22UGILQ46A,Pumpkin Spice latte,Tall,Pumpkin Spice latte (Tall),"A seasonal beverage that combines Starbucks' signature espresso and steamed milk with the flavors of pumpkin, cinnamon, nutmeg, and clove, topped with whipped cream and pumpkin pie spice",5.85,585,$5.85,Seasonal,seasonal,0,true
FMQTLSRSFKGSHIGJZNJVZMRF,DHTMQ4JBCNTOVAQH5IJNCP3R,Pumpkin Spice latte,Grande,Pumpkin Spice latte (Grande),"A seasonal beverage that combines Starbucks' signature espresso and steamed milk with the flavors of pumpkin, cinnamon, nutmeg, and clove, topped with whipped cream and pumpkin pie spice",6.35,635,$6.35,Seasonal,seasonal,0,true
FMQTLSRSFKGSHIGJZNJVZMRF,YWTV6QML3TFHDQEYIR7EU6QT,Pumpkin Spice latte,Venti,Pumpkin Spice latte (Venti),"A seasonal beverage that combines Starbucks' signature espresso and steamed milk with the flavors of pumpkin, cinnamon, nutmeg, and clove, topped with whipped cream and pumpkin pie spice",6.85,685,$6.85,Seasonal,seasonal,0,true
KQ64REFDO4RWOGYPV2MW4UA6,75NBLUEUB2V5T5DZNAU3KBHK,Seasonal Frappuccino,Tall,Seasonal Frappuccino (Tall),,5.95,595,$5.95,Seasonal,seasonal,0,true
KQ64REFDO4RWOGYPV2MW4UA6,3E2H2VVJOKWSLYREBOM4RPQC,Seasonal Frappuccino,Grande,Seasonal Frappuccino (Grande),,6.45,645,$6.45,Seasonal,seasonal,0,true
KQ64REFDO4RWOGYPV2MW4UA6,PPHXVFSJSGI2KSGE2G4ICA3F,Seasonal Frappuccino,Venti,Seasonal Frappuccino (Venti),,6.95,695,$6.95,Seasonal,seasonal,0,true
TMAUDKG2RNADL4N5B2VC6EZZ,BKF4XJT35GO24HCUIWYUDDTV,Mango & Strawberry Smoothie,Tall,Mango & Strawberry Smoothie (Tall),"A refreshing blend of ripe mango and juicy strawberries, pureed to create a smooth and naturally sweet beverage.",5.85,585,$5.85,Smoothies,smoothies,0,true
TMAUDKG2RNADL4N5B2VC6EZZ,HSRDYPAG53BTXQ4NNAO3VOVN,Mango & Strawberry Smoothie,Grande,Mango & Strawberry Smoothie (Grande),"A refreshing blend of ripe mango and juicy strawberries, pureed to create a smooth and naturally sweet beverage.",6.35,635,$6.35,Smoothies,smoothies,0,true
TMAUDKG2RNADL4N5B2VC6EZZ,V3NHTDVYXKMIUW3U3O2DHWIO,Mango & Strawberry Smoothie,Venti,Mango & Strawberry Smoothie (Venti),"A refreshing blend of ripe mango and juicy strawberries, pureed to create a smooth and naturally sweet beverage.",6.85,685,$6.85,Smoothies,smoothies,0,true
6V4JFQHXGA6EG6UMIGBAXRZY,YCPH44NOAS3JWPR5WVRHTNGQ,Mango Smoothie,Tall,Mango Smoothie (Tall),"Fontana blended beverage made with real mango puree, and is designed to be added to frozen blends for a delicious mango flavor.",5.75,575,$5.75,Smoothies,smoothies,0,true
6V4JFQHXGA6EG6UMIGBAXRZY,74YEJJLUPYSK2P7PQWKXNLW2,Mango Smoothie,Grande,Mango Smoothie (Grande),"Fontana blended beverage made with real mango puree, and is designed to be added to frozen blends for a delicious mango flavor.",6.25,625,$6.25,Smoothies,smoothies,0,true
6V4JFQHXGA6EG6UMIGBAXRZY,PJZ2GXRDAAVUASTLEE5E476K,Mango Smoothie,Venti,Mango Smoothie (Venti),"Fontana blended beverage made with real mango puree, and is designed to be added to frozen blends for a delicious mango flavor.",6.75,675,$6.75,Smoothies,smoothies,0,true
XMDGVPI3OK7L73L2IM2AVC3B,EBDT45J4RJWPQPFXYPC3DRV7,Strawberry Smoothie,Tall,Strawberry Smoothie (Tall),"A refreshing, blended drink made with ice, milk, strawberry puree, and vanilla whipped cream.",5.35,535,$5.35,Smoothies,smoothies,0,true
XMDGVPI3OK7L73L2IM2AVC3B,2ZTO4N7OK2MJYKFUA64HFJ6O,Strawberry Smoothie,Grande,Strawberry Smoothie (Grande),"A refreshing, blended drink made with ice, milk, strawberry puree, and vanilla whipped cream.",5.85,585,$5.85,Smoothies,smoothies,0,true
XMDGVPI3OK7L73L2IM2AVC3B,NPCPZXXC3F27Z44WVF6OCKMH,Strawberry Smoothie,Venti,Strawberry Smoothie (Venti),"A refreshing, blended drink made with ice, milk, strawberry puree, and vanilla whipped cream.",6.35,635,$6.35,Smoothies,smoothies,0,true
IXEB2QBQAZHNTU2MYRPJH5WO,NP6SBZ2DMKJ3S7Z33DASRBQY,Dragon Drink,Tall,Dragon Drink (Tall),"A vibrant blend of sweet dragon fruit and creamy coconut milk, infused with a hint of tropical mango flavor, served chilled for a refreshing treat.",5.45,545,$5.45,STARBUCKS REFRESHERS® ICED BEVERAGES,refreshers,0,true
IXEB2QBQAZHNTU2MYRPJH5WO,MDKDYVQWMNYYSGZEUYJPPBK5,Dragon Drink,Grande,Dragon Drink (Grande),"A vibrant blend of sweet dragon fruit and creamy coconut milk, infused with a hint of tropical mango flavor, served chilled for a refreshing treat.",5.95,595,$5.95,STARBUCKS REFRESHERS® ICED BEVERAGES,refreshers,0,true
IXEB2QBQAZHNTU2MYRPJH5WO,HURPEVXVUAMHOFUZGRVJ3CJX,Dragon Drink,Venti,Dragon Drink (Venti),"A vibrant blend of sweet dragon fruit and creamy coconut milk, infused with a hint of tropical mango flavor, served chilled for a refreshing treat.",6.55,655,$6.55,STARBUCKS REFRESHERS® ICED BEVERAGES,refreshers,0,true
XO4V4J3Z7BZQXSPZIPYTWHSM,FGY2ULKFM5XKGNCXKEOZJD3J,Mango Dragonfruit,Tall,Mango Dragonfruit (Tall),"A vibrant blend of juicy mango and exotic dragonfruit, delivering a refreshing and tropical burst of flavor in every sip.",5.45,545,$5.45,STARBUCKS REFRESHERS® ICED BEVERAGES,refreshers,0,true
XO4V4J3Z7BZQXSPZIPYTWHSM,UPANMLNBET65ZOJPU37SHW5G,Mango Dragonfruit,Grande,Mango Dragonfruit (Grande),"A vibrant blend of juicy mango and exotic dragonfruit, delivering a refreshing and tropical burst of flavor in every sip.",5.95,595,$5.95,STARBUCKS REFRESHERS® ICED BEVERAGES,refreshers,0,true
XO4V4J3Z7BZQXSPZIPYTWHSM,K36TJ6X7EIL53GA7EWM4T2SZ,Mango Dragonfruit,Venti,Mango Dragonfruit (Venti),"A vibrant blend of juicy mango and exotic dragonfruit, delivering a refreshing and tropical burst of flavor in every sip.",6.55,655,$6.55,STARBUCKS REFRESHERS® ICED BEVERAGES,refreshers,0,true
GYC5OYV3MYJIMYROEFT552YQ,AGUEHZXZF2XZRAX5A2PC3BZO,Pineapple Passionfruit,Tall,Pineapple Passionfruit (Tall),"A refreshing blend of sweet pineapple and tangy passionfruit, creating a vibrant tropical beverage perfect for any occasion.",4.95,495,$4.95,STARBUCKS REFRESHERS® ICED BEVERAGES,refreshers,0,true
GYC5OYV3MYJIMYROEFT552YQ,RZJ4KCQYSGAL7RNZNJF54OSO,Pineapple Passionfruit,Grande,Pineapple Passionfruit (Grande),"A refreshing blend of sweet pineapple and tangy passionfruit, creating a vibrant tropical beverage perfect for any occasion.",5.65,565,$5.65,STARBUCKS REFRESHERS® ICED BEVERAGES,refreshers,0,true
GYC5OYV3MYJIMYROEFT552YQ,TUMZBWNH6TIKVNJV4TZVOUYH,Pineapple Passionfruit,Venti,Pineapple Passionfruit (Venti),"A refreshing blend of sweet pineapple and tangy passionfruit, creating a vibrant tropical beverage perfect for any occasion.",6.45,645,$6.45,STARBUCKS REFRESHERS® ICED BEVERAGES,refreshers,0,true
ISQ2RBOVHBGJ33FK7MYP6MTZ,EPR7PLR5HICXQYI6RNGI6P6Y,Pink Drink,Tall,Pink Drink (Tall),"A refreshing, fruity beverage featuring the Strawberry Acai Refresher base, combined with creamy coconut milk and freeze-dried strawberries.",5.45,545,$5.45,STARBUCKS REFRESHERS® ICED BEVERAGES,refreshers,0,true
ISQ2RBOVHBGJ33FK7MYP6MTZ,QZ5AR443MEU2LD4CFQAXJGLD,Pink Drink,Grande,Pink Drink (Grande),"A refreshing, fruity beverage featuring the Strawberry Acai Refresher base, combined with creamy coconut milk and freeze-dried strawberries.",5.95,595,$5.95,STARBUCKS REFRESHERS® ICED BEVERAGES,refreshers,0,true
ISQ2RBOVHBGJ33FK7MYP6MTZ,PAUY7A2IB2IOKBKKAT267G2J,Pink Drink,Venti,Pink Drink (Venti),"A refreshing, fruity beverage featuring the Strawberry Acai Refresher base, combined with creamy coconut milk and freeze-dried strawberries.",6.55,655,$6.55,STARBUCKS REFRESHERS® ICED BEVERAGES,refreshers,0,true
IA6BFRNW52DCCZWBHA6UQP43,SDJZW7MQ7BTLJGJUEJ47ZL2H,Seasonal Refresher,Tall,Seasonal Refresher (Tall),"Starbucks introduces seasonal variations throughout the year, with popular examples including the Summer-Berry Refresher and the Cran-Merry Orange Refresher.",5.45,545,$5.45,STARBUCKS REFRESHERS® ICED BEVERAGES,refreshers,0,true
IA6BFRNW52DCCZWBHA6UQP43,DDHNEDRWAPVN2KXVQ3RULMHT,Seasonal Refresher,Grande,Seasonal Refresher (Grande),"Starbucks introduces seasonal variations throughout the year, with popular examples including the Summer-Berry Refresher and the Cran-Merry Orange Refresher.",5.95,595,$5.95,STARBUCKS REFRESHERS® ICED BEVERAGES,refreshers,0,true
IA6BFRNW52DCCZWBHA6UQP43,VMZEUQDRFCIFS3IPJ6CHWCNC,Seasonal Refresher,Venti,Seasonal Refresher (Venti),"Starbucks introduces seasonal variations throughout the year, with popular examples including the Summer-Berry Refresher and the Cran-Merry Orange Refresher.",6.45,645,$6.45,STARBUCKS REFRESHERS® ICED BEVERAGES,refreshers,0,true
EF5KHCUPSN7TMW6L65NV2WFK,6M6B2DC33TWXYBV7DBKC4Q5D,Strawberry Acai,Tall,Strawberry Acai (Tall),"A bright and fruity beverage known for its refreshing and energizing qualities. It features a blend of strawberry and acai flavors, complemented by hints of passionfruit.",4.75,475,$4.75,STARBUCKS REFRESHERS® ICED BEVERAGES,refreshers,0,true
EF5KHCUPSN7TMW6L65NV2WFK,M3BTZQZOJUHKT25K2TT45PZ7,Strawberry Acai,Grande,Strawberry Acai (Grande),"A bright and fruity beverage known for its refreshing and energizing qualities. It features a blend of strawberry and acai flavors, complemented by hints of passionfruit.",4.95,495,$4.95,STARBUCKS REFRESHERS® ICED BEVERAGES,refreshers,0,true
EF5KHCUPSN7TMW6L65NV2WFK,7HMLLEPJGAAP4D5FTD55GQBI,Strawberry Acai,Venti,Strawberry Acai (Venti),"A bright and fruity beverage known for its refreshing and energizing qualities. It features a blend of strawberry and acai flavors, complemented by hints of passionfruit.",5.45,545,$5.45,STARBUCKS REFRESHERS® ICED BEVERAGES,refreshers,0,true
HUJLW3C2CNERFTKWMJT5CPRV,N4NEOAXI5E77IT6B6EASBUCC,Chai Latte,Tall,Chai Latte (Tall),"A warming blend of black tea infused with aromatic spices like cinnamon, cardamom, and cloves, combined with steamed milk for a creamy finish.",4.95,495,$4.95,TEAVANA® HANDCRAFTED TEA,hot-drinks,0,true
HUJLW3C2CNERFTKWMJT5CPRV,S4TYZXS6G372IE6M2WSVCQOY,Chai Latte,Grande,Chai Latte (Grande),"A warming blend of black tea infused with aromatic spices like cinnamon, cardamom, and cloves, combined with steamed milk for a creamy finish.",5.45,545,$5.45,TEAVANA® HANDCRAFTED TEA,hot-drinks,0,true
HUJLW3C2CNERFTKWMJT5CPRV,FRPWPWKY7VABZ3N36LO2CVJQ,Chai Latte,Venti,Chai Latte (Venti),"A warming blend of black tea infused with aromatic spices like cinnamon, cardamom, and cloves, combined with steamed milk for a creamy finish.",5.95,595,$5.95,TEAVANA® HANDCRAFTED TEA,hot-drinks,0,true
26CNLMEARP6PMQUXXVWA7ZHV,YIUQ6HYDT6VWNKB3M245IRHQ,Dubai Drink,Tall,Dubai Drink (Tall),,8.35,835,$8.35,TEAVANA® HANDCRAFTED TEA,hot-drinks,0,true
26CNLMEARP6PMQUXXVWA7ZHV,DL5ZG7MB3RDCMQOW5F4IRGQE,Dubai Drink,Grande,Dubai Drink (Grande),,8.85,885,$8.85,TEAVANA® HANDCRAFTED TEA,hot-drinks,0,true
26CNLMEARP6PMQUXXVWA7ZHV,FIWIGUYZOVSCGO6FQITDB3W6,Dubai Drink,Venti,Dubai Drink (Venti),,9.35,935,$9.35,TEAVANA® HANDCRAFTED TEA,hot-drinks,0,true
ZQLN3IY5SATTSC3NDAG5SAMO,57O3FRGOKVH4HNCFVOJ6YWYI,Gingerbread Chai,Tall,Gingerbread Chai (Tall),"A rich and creamy chai latte infused with the warm, spicy flavors of gingerbread, featuring hints of cinnamon, nutmeg, and cloves for a cozy, aromatic beverage.",5.85,585,$5.85,TEAVANA® HANDCRAFTED TEA,hot-drinks,0,true
ZQLN3IY5SATTSC3NDAG5SAMO,JAT2UAMMUL5BB6C5HV7JIYOD,Gingerbread Chai,Grande,Gingerbread Chai (Grande),"A rich and creamy chai latte infused with the warm, spicy flavors of gingerbread, featuring hints of cinnamon, nutmeg, and cloves for a cozy, aromatic beverage.",6.35,635,$6.35,TEAVANA® HANDCRAFTED TEA,hot-drinks,0,true
ZQLN3IY5SATTSC3NDAG5SAMO,YNWCFO6BM3FYFUJRBUQMY2VQ,Gingerbread Chai,Venti,Gingerbread Chai (Venti),"A rich and creamy chai latte infused with the warm, spicy flavors of gingerbread, featuring hints of cinnamon, nutmeg, and cloves for a cozy, aromatic beverage.",6.85,685,$6.85,TEAVANA® HANDCRAFTED TEA,hot-drinks,0,true
CII7N6BSU4YIJBUMIC3OGYND,MMHEM2NSPLFBSB7NR67W4M7C,Hot Tea,Tall,Hot Tea (Tall),"TEAVANA® Handcrafted Tea offers expertly blended loose-leaf teas with rich, aromatic flavors for a soothing and refreshing experience. Enjoy the perfect balance of taste and wellness with every cup.",2.95,295,$2.95,TEAVANA® HANDCRAFTED TEA,hot-drinks,0,true
CII7N6BSU4YIJBUMIC3OGYND,EIOIXRRSAAK3V2FTDNITHG67,Hot Tea,Grande,Hot Tea (Grande),"TEAVANA® Handcrafted Tea offers expertly blended loose-leaf teas with rich, aromatic flavors for a soothing and refreshing experience. Enjoy the perfect balance of taste and wellness with every cup.",3.55,355,$3.55,TEAVANA® HANDCRAFTED TEA,hot-drinks,0,true
CII7N6BSU4YIJBUMIC3OGYND,5UBQ6JH2MTYE7VC2O7MX3UAS,Hot Tea,Venti,Hot Tea (Venti),"TEAVANA® Handcrafted Tea offers expertly blended loose-leaf teas with rich, aromatic flavors for a soothing and refreshing experience. Enjoy the perfect balance of taste and wellness with every cup.",3.85,385,$3.85,TEAVANA® HANDCRAFTED TEA,hot-drinks,0,true
XN7KI3HSBXRJ6CY6BQCXEREI,KGKHBA5FZTZ4BL6YCNRGABAF,Ice Gingerbread Chai,Tall,Ice Gingerbread Chai (Tall),"A delightful blend of gingerbread spices and chai, harmonized with a creamy texture, served over ice for a refreshing twist.",5.85,585,$5.85,TEAVANA® HANDCRAFTED TEA,hot-drinks,0,true
XN7KI3HSBXRJ6CY6BQCXEREI,K2HCJJKM4B7MNGXVPTOZQERW,Ice Gingerbread Chai,Grande,Ice Gingerbread Chai (Grande),"A delightful blend of gingerbread spices and chai, harmonized with a creamy texture, served over ice for a refreshing twist.",6.35,635,$6.35,TEAVANA® HANDCRAFTED TEA,hot-drinks,0,true
XN7KI3HSBXRJ6CY6BQCXEREI,VQ7HWXPXS2XXDFB4GT26B34I,Ice Gingerbread Chai,Venti,Ice Gingerbread Chai (Venti),"A delightful blend of gingerbread spices and chai, harmonized with a creamy texture, served over ice for a refreshing twist.",6.85,685,$6.85,TEAVANA® HANDCRAFTED TEA,hot-drinks,0,true
AIVR6DUQRBERBDEHR6X4MBM6,CJPYIPOKBQ3LZTURHTHV3UYT,Iced Black Tea,Tall,Iced Black Tea (Tall),"Chilled black tea served over ice, offering a crisp and refreshing taste.",3.65,365,$3.65,TEAVANA® HANDCRAFTED TEA,hot-drinks,0,true
AIVR6DUQRBERBDEHR6X4MBM6,I3D2E32OAT5JD3JD6TFA2NFD,Iced Black Tea,Grande,Iced Black Tea (Grande),"Chilled black tea served over ice, offering a crisp and refreshing taste.",4.15,415,$4.15,TEAVANA® HANDCRAFTED TEA,hot-drinks,0,true
AIVR6DUQRBERBDEHR6X4MBM6,MHIRFUZ66ERPEZCLMWTYZ2GK,Iced Black Tea,Venti,Iced Black Tea (Venti),"Chilled black tea served over ice, offering a crisp and refreshing taste.",4.65,465,$4.65,TEAVANA® HANDCRAFTED TEA,hot-drinks,0,true
KIKEZASW56I4AH6UNQFEPGL6,V7K3GLJESCDZBE453L6PTIK7,Iced Green Tea,Tall,Iced Green Tea (Tall),"Chilled green tea brewed to perfection, offering a refreshing and crisp taste with every sip.",3.65,365,$3.65,TEAVANA® HANDCRAFTED TEA,hot-drinks,0,true
KIKEZASW56I4AH6UNQFEPGL6,3BXHHWSZ2CENZKRV3QVF4M7E,Iced Green Tea,Grande,Iced Green Tea (Grande),"Chilled green tea brewed to perfection, offering a refreshing and crisp taste with every sip.",4.15,415,$4.15,TEAVANA® HANDCRAFTED TEA,hot-drinks,0,true
KIKEZASW56I4AH6UNQFEPGL6,43H3H2SM7G5TNNDLBAEKMPJV,Iced Green Tea,Venti,Iced Green Tea (Venti),"Chilled green tea brewed to perfection, offering a refreshing and crisp taste with every sip.",4.65,465,$4.65,TEAVANA® HANDCRAFTED TEA,hot-drinks,0,true
FK7VSQ3WWFAGKSU4VIAN2QCY,5LOIR6QPIE3TJQNOCTS4VY4X,Iced Tea Lemonade,Tall,Iced Tea Lemonade (Tall),"A combination of premium black tea and lemonade, shaken with ice.",4.65,465,$4.65,TEAVANA® HANDCRAFTED TEA,hot-drinks,0,true
FK7VSQ3WWFAGKSU4VIAN2QCY,WXE2YBBIJIMLZ2SBDNFJSYQA,Iced Tea Lemonade,Grande,Iced Tea Lemonade (Grande),"A combination of premium black tea and lemonade, shaken with ice.",5.15,515,$5.15,TEAVANA® HANDCRAFTED TEA,hot-drinks,0,true
FK7VSQ3WWFAGKSU4VIAN2QCY,SCMKZYEZVNHLQCCC4F65UJOY,Iced Tea Lemonade,Venti,Iced Tea Lemonade (Venti),"A combination of premium black tea and lemonade, shaken with ice.",5.65,565,$5.65,TEAVANA® HANDCRAFTED TEA,hot-drinks,0,true
KLRTC7I7TIUHZKNGGLR65ESF,YYQ2SMPCJMREZXC4NIHSPGTI,Matcha Green Tea Latte,Tall,Matcha Green Tea Latte (Tall),"A harmonious blend of premium matcha green tea whisked into creamy steamed milk, offering an earthy and subtly sweet flavor profile.",4.85,485,$4.85,TEAVANA® HANDCRAFTED TEA,hot-drinks,0,true
KLRTC7I7TIUHZKNGGLR65ESF,HE4CJYWXRVTKFGP72TXLA2LZ,Matcha Green Tea Latte,Grande,Matcha Green Tea Latte (Grande),"A harmonious blend of premium matcha green tea whisked into creamy steamed milk, offering an earthy and subtly sweet flavor profile.",5.35,535,$5.35,TEAVANA® HANDCRAFTED TEA,hot-drinks,0,true
KLRTC7I7TIUHZKNGGLR65ESF,VPBUBVSHSKCC4HRRMW47AP2A,Matcha Green Tea Latte,Venti,Matcha Green Tea Latte (Venti),"A harmonious blend of premium matcha green tea whisked into creamy steamed milk, offering an earthy and subtly sweet flavor profile.",5.85,585,$5.85,TEAVANA® HANDCRAFTED TEA,hot-drinks,0,true
AQDCCCPXKEOH7ABZBFLWZUA3,ZJKZKK6LZIQO3MGTJHH3K436,Medicine Ball,Tall,Medicine Ball (Tall),,4.85,485,$4.85,TEAVANA® HANDCRAFTED TEA,hot-drinks,0,true
AQDCCCPXKEOH7ABZBFLWZUA3,UPVEZA22OAL64Q5PYGJ3LSBT,Medicine Ball,Grande,Medicine Ball (Grande),,5.35,535,$5.35,TEAVANA® HANDCRAFTED TEA,hot-drinks,0,true
AQDCCCPXKEOH7ABZBFLWZUA3,BZZ23F3N5WFN2NXCFANPCPZO,Medicine Ball,Venti,Medicine Ball (Venti),,5.85,585,$5.85,TEAVANA® HANDCRAFTED TEA,hot-drinks,0,true
DN3V4OWEB5SMKXTENJSD257X,VAH2P4LL36ZWRC4TLMSCV5Q3,Peach Green Tea Lemonade,Tall,Peach Green Tea Lemonade (Tall),,4.65,465,$4.65,TEAVANA® HANDCRAFTED TEA,hot-drinks,0,true
DN3V4OWEB5SMKXTENJSD257X,KTZFICNJHUAEUHAQZEWGNHZY,Peach Green Tea Lemonade,Grande,Peach Green Tea Lemonade (Grande),,5.15,515,$5.15,TEAVANA® HANDCRAFTED TEA,hot-drinks,0,true
DN3V4OWEB5SMKXTENJSD257X,2KQN6M5QRAWN5AG3XZHLRDAF,Peach Green Tea Lemonade,Venti,Peach Green Tea Lemonade (Venti),,5.65,565,$5.65,TEAVANA® HANDCRAFTED TEA,hot-drinks,0,true
XFPFEZWCB5ODF65LEKWDCMCK,BQRJNOI4RKYQYCUVMNF54WCF,Lemon poppy seed bread,Regular,Lemon poppy seed bread,,4.95,495,$4.95,Uncategorized,uncategorized,0,true