square_catalog_object_id,example_name,ignored_lines,first_seen,last_seen,has_inventory_mapping,mapped_inventory_item_id,mapped_inventory_item_name,mapped_inventory_created_at,note,suggested_inventory_item_id,suggested_inventory_item_name,suggested_inventory_square_item_id,suggested_score
GQYBV3WA3KHX3BQPUB2PDJFL,Water Small Bottle,260,2025-11-19T03:07:58.156181+00:00,2025-12-11T21:12:28.276604+00:00,false,,,,No inventory item maps to this Square catalog ID,1e3ed929-247b-40e0-b8f5-8dd879052ec0,Smart Water - 1L Bottle,IMAWFNZY6MKEFV7CSRSLNDU3,0.7500
KHNRZB3E3T2UEPQX6UVRWT5F,Water Big Bottle,172,2025-11-19T03:08:07.473794+00:00,2025-12-11T21:12:18.047854+00:00,false,,,,No inventory item maps to this Square catalog ID,1e3ed929-247b-40e0-b8f5-8dd879052ec0,Smart Water - 1L Bottle,IMAWFNZY6MKEFV7CSRSLNDU3,0.6000
5HSSTPYIBZFN42HMVAWWJXQB,Cafe Latte,125,2025-11-19T03:08:27.885827+00:00,2025-12-11T21:12:27.945918+00:00,false,,,,No inventory item maps to this Square catalog ID,,,,
NNUSJ5JFZ7JJURTN76IUYSO3,Freshly Brewed Coffee,113,2025-11-19T03:08:09.625606+00:00,2025-12-11T21:12:28.443059+00:00,false,,,,No inventory item maps to this Square catalog ID,,,,
R4ZZKRPHP7PDTHAIT2YVVB7Q,Chocolate Croissant,110,2025-11-19T03:07:58.887842+00:00,2025-12-11T21:07:26.833712+00:00,false,,,,No inventory item maps to this Square catalog ID,fd7c8ff5-1852-4cbb-93f6-2687da5ee992,Chocolate Croissant,BRYU2UUL57H652LOQ2IBBPPS,1.0000
R4ZZKRPHP7PDTHAIT2YVVB7Q,Chocolate Croissant,110,2025-11-19T03:07:58.887842+00:00,2025-12-11T21:07:26.833712+00:00,false,,,,No inventory item maps to this Square catalog ID,fdeaf9a3-9e77-4785-956f-71bc43019ea2,Danish Chocolate,QOH4PJDWEGNYEI4ESDKMEHFQ,0.6452
R4ZZKRPHP7PDTHAIT2YVVB7Q,Chocolate Croissant,110,2025-11-19T03:07:58.887842+00:00,2025-12-11T21:07:26.833712+00:00,false,,,,No inventory item maps to this Square catalog ID,76cb82b1-b25c-448e-9937-eaebc2c9449e,Croissant,7752NQDQLEPMUMRWBRB344YV,0.6400
MU5SB47OQSTNXFEBXY6ZPWGK,Americano,110,2025-11-19T03:08:02.667322+00:00,2025-12-11T21:12:21.514292+00:00,false,,,,No inventory item maps to this Square catalog ID,,,,
HY7ALINY64H7EA7MD6Y66QNT,Freshly Brewed Coffee,102,2025-11-19T03:08:02.113462+00:00,2025-12-11T21:12:28.109525+00:00,false,,,,No inventory item maps to this Square catalog ID,,,,
Z6RJHONBQJ3PWRJEDFHPFFUP,Cafe Latte,93,2025-11-19T03:08:01.20864+00:00,2025-12-11T21:12:25.872442+00:00,false,,,,No inventory item maps to this Square catalog ID,,,,
2EWFTLWL7656HZF45IUOILF4,Blueberry Muffin,91,2025-11-19T03:08:07.473794+00:00,2025-12-11T21:12:28.599872+00:00,false,,,,No inventory item maps to this Square catalog ID,9f432deb-2e91-416c-87b8-0a72b76ef361,Blueberry Muffin,ZKYQQBCOC2IP72MQ3HXAUHVH,1.0000
TVNZEYCDV6HESMX3GARWG2GC,Coke Zero,88,2025-11-19T03:08:34.182689+00:00,2025-12-11T21:12:26.546629+00:00,false,,,,No inventory item maps to this Square catalog ID,29721600-5fad-410f-bdbd-b8a8c255f74d,Coke Zero - can - 12 oz,PQZ2J5TDBGEG5C6ATNK2RL4Z,0.6667
ZUBXJUTF2OUCO6P6DQHEJGJW,Caramel Frappuccino,87,2025-11-19T03:08:01.493131+00:00,2025-12-11T21:12:17.539326+00:00,false,,,,No inventory item maps to this Square catalog ID,,,,
P7BRUZJ6HLTO675QFJVX7X5J,Gatorade,86,2025-11-19T03:08:06.61663+00:00,2025-12-11T21:12:28.899008+00:00,false,,,,No inventory item maps to this Square catalog ID,,,,
7AQ2O7CEJT2753WSQZSPJ5RF,Mini Soda Can,82,2025-11-19T03:07:57.812668+00:00,2025-12-11T21:12:22.701847+00:00,false,,,,No inventory item maps to this Square catalog ID,84d0866f-dac4-4619-bd79-b2c1a40b99ea,Mini Soda Can - assorted,77RDGI3SQOEQWSFJOB5LFIG3,0.7143
7AQ2O7CEJT2753WSQZSPJ5RF,Mini Soda Can,82,2025-11-19T03:07:57.812668+00:00,2025-12-11T21:12:22.701847+00:00,false,,,,No inventory item maps to this Square catalog ID,0f211e2d-2c65-4f6a-8380-e3ad53fa9c85,Mini Danish,EBMUUXZVYNERLCRTCBWGUQYY,0.6316
HDGHSFJOBTZ3TNCJVNDFZFFB,Caramel Macchiato,82,2025-11-19T03:08:12.052103+00:00,2025-12-11T21:12:21.054779+00:00,false,,,,No inventory item maps to this Square catalog ID,,,,
I6ATU46TLCIHM24OXD7MHXQC,Almond Croissant,79,2025-11-19T03:08:12.052103+00:00,2025-12-11T21:12:22.365626+00:00,false,,,,No inventory item maps to this Square catalog ID,e86e0d92-c41a-4023-bfc4-df611edcedf6,Almond Croissant,2E4GJ4TJTEBMBLCPEFEQ5GFL,1.0000
I6ATU46TLCIHM24OXD7MHXQC,Almond Croissant,79,2025-11-19T03:08:12.052103+00:00,2025-12-11T21:12:22.365626+00:00,false,,,,No inventory item maps to this Square catalog ID,76cb82b1-b25c-448e-9937-eaebc2c9449e,Croissant,7752NQDQLEPMUMRWBRB344YV,0.7273
5RVXX2O2ZBL4K2OSF3N4KRDL,Raspberry Croissant,78,2025-11-19T03:07:59.918033+00:00,2025-12-11T21:12:23.573506+00:00,false,,,,No inventory item maps to this Square catalog ID,b7c15ca7-95ef-43ce-b1ab-331d4dce2418,Raspberry Croissant,FCDUEMQ2Q22KT6KVDMIJ67JD,1.0000
5RVXX2O2ZBL4K2OSF3N4KRDL,Raspberry Croissant,78,2025-11-19T03:07:59.918033+00:00,2025-12-11T21:12:23.573506+00:00,false,,,,No inventory item maps to this Square catalog ID,54d6cc66-96a0-4dcb-afe2-7254e9f6b7fe,Danish Raspberry,QPQFKC2N2ORJVTQMEPLFQEWW,0.6452
5RVXX2O2ZBL4K2OSF3N4KRDL,Raspberry Croissant,78,2025-11-19T03:07:59.918033+00:00,2025-12-11T21:12:23.573506+00:00,false,,,,No inventory item maps to this Square catalog ID,fc8bbbd9-553c-4ca9-bd88-f2c4acabf715,Savory Croissant,TURPYHLRNRP4Y4E4DQILDFR4,0.6452
BHLHA2R2BYN5XNHGKALMUCKY,White Chocolate Mocha,74,2025-11-19T03:07:58.723063+00:00,2025-12-11T21:07:26.390554+00:00,false,,,,No inventory item maps to this Square catalog ID,97d47a35-f0ef-4e53-8630-f1a8e551cc1e,Chocolate Chip Cookie,6R5JFN2XMGWRZDL2SP5I53JB,0.6111
BHLHA2R2BYN5XNHGKALMUCKY,White Chocolate Mocha,74,2025-11-19T03:07:58.723063+00:00,2025-12-11T21:07:26.390554+00:00,false,,,,No inventory item maps to this Square catalog ID,36a6f992-17e9-42b5-a4e5-705ee0478d6a,Chocolate chip cookie,JA4UR77EH3PVQSR3GPQYROPX,0.6111
SJWFIP3TJVACW2XQZ5NZAP2Z,Americano,73,2025-11-19T03:08:22.035385+00:00,2025-12-11T21:12:18.191927+00:00,false,,,,No inventory item maps to this Square catalog ID,,,,
M2JVUY6GF7BJH6CPMP6KKVVH,Chocolate Muffin,65,2025-11-19T03:07:57.993981+00:00,2025-12-11T21:12:26.244911+00:00,false,,,,No inventory item maps to this Square catalog ID,43bbf682-f0af-43fe-b756-5f2ed46ff274,Chocolate Muffin,OIF7WKM6KSTIGEGL27ICCFES,1.0000
VKYJBFHYDZYOKX5LGQBRH62R,Berry Peachy Lotus,63,2025-11-19T03:08:16.555508+00:00,2025-12-11T21:12:25.717905+00:00,false,,,,No inventory item maps to this Square catalog ID,,,,
XQQYMBZAFSPYS3U27BA7ZZ76,Butter Croissant,61,2025-11-19T03:08:14.154553+00:00,2025-12-11T21:07:05.703661+00:00,false,,,,No inventory item maps to this Square catalog ID,464e3d80-e704-4213-a46f-b4e44e57a043,Butter Croissant,ELAA3YKAUSRQH2R55N4NS6VX,1.0000
XQQYMBZAFSPYS3U27BA7ZZ76,Butter Croissant,61,2025-11-19T03:08:14.154553+00:00,2025-12-11T21:07:05.703661+00:00,false,,,,No inventory item maps to this Square catalog ID,76cb82b1-b25c-448e-9937-eaebc2c9449e,Croissant,7752NQDQLEPMUMRWBRB344YV,0.7273
PH2C7QSQ44555RW3UTVLHLBD,Caramel Frappuccino,60,2025-11-19T03:08:03.315868+00:00,2025-12-11T21:07:27.834977+00:00,false,,,,No inventory item maps to this Square catalog ID,,,,
Z6OUJFG2YIB2JHQ7CSBUBZQ6,Vanilla Latte,59,2025-11-19T03:08:24.085941+00:00,2025-12-11T21:12:17.856607+00:00,false,,,,No inventory item maps to this Square catalog ID,75f98829-376e-4e25-856e-ed11ebd1039b,Vanilla Latte,JPOIZDZSWFHU37LNX2D2EXYJ,1.0000
7DCL6LXOCVWWFE7BGM77LTSZ,Burrito Veggie Black Bean,59,2025-11-19T03:08:34.68092+00:00,2025-12-11T21:12:29.1013+00:00,false,,,,No inventory item maps to this Square catalog ID,650e2505-f3cf-4205-81bb-fdb04a4e0b98,Burrito Veggie Black Bean,XW4PSETSS7ES5JOLI4V77FQ2,1.0000
2LZY3YRVJFLPLL2FYW6UDUNZ,Caramel Frappuccino,57,2025-11-19T03:08:02.473563+00:00,2025-12-11T21:12:19.446982+00:00,false,,,,No inventory item maps to this Square catalog ID,,,,
S4TYZXS6G372IE6M2WSVCQOY,Chai Tea Latte,57,2025-11-19T03:08:25.82972+00:00,2025-12-11T21:07:25.38189+00:00,false,,,,No inventory item maps to this Square catalog ID,,,,
FZFETRHUGMBE5HTUHYI7W352,Cake Pop Birthday Cake,56,2025-11-19T03:16:53.715728+00:00,2025-12-11T21:12:25.872442+00:00,false,,,,No inventory item maps to this Square catalog ID,9281e857-0a18-41fb-8ba6-b1f2503dc154,Cake Pop Birthday Cake,LATKY2V7RFTEA3DDAFSBBR4K,1.0000
W72WWTJYSGQEHLRX54NMMHNP,Savory Croissant,55,2025-11-19T03:07:59.752315+00:00,2025-11-19T03:16:34.574541+00:00,false,,,,No inventory item maps to this Square catalog ID,fc8bbbd9-553c-4ca9-bd88-f2c4acabf715,Savory Croissant,TURPYHLRNRP4Y4E4DQILDFR4,1.0000
W72WWTJYSGQEHLRX54NMMHNP,Savory Croissant,55,2025-11-19T03:07:59.752315+00:00,2025-11-19T03:16:34.574541+00:00,false,,,,No inventory item maps to this Square catalog ID,76cb82b1-b25c-448e-9937-eaebc2c9449e,Croissant,7752NQDQLEPMUMRWBRB344YV,0.7273
W72WWTJYSGQEHLRX54NMMHNP,Savory Croissant,55,2025-11-19T03:07:59.752315+00:00,2025-11-19T03:16:34.574541+00:00,false,,,,No inventory item maps to this Square catalog ID,69a8648c-eca0-44c4-899a-79d0542ed98d,Savory Croissant - Ham & Cheese,N73XQD37SCUNMONYKUUEMQAM,0.7000
FRPWPWKY7VABZ3N36LO2CVJQ,Chai Tea Latte,54,2025-11-19T03:07:57.993981+00:00,2025-12-11T21:07:05.018989+00:00,false,,,,No inventory item maps to this Square catalog ID,,,,
JCOTKS6RJPUUS6KPUGDA2S5F,White Chocolate Mocha,54,2025-11-19T03:08:01.919381+00:00,2025-12-11T21:12:26.892263+00:00,false,,,,No inventory item maps to this Square catalog ID,97d47a35-f0ef-4e53-8630-f1a8e551cc1e,Chocolate Chip Cookie,6R5JFN2XMGWRZDL2SP5I53JB,0.6111
JCOTKS6RJPUUS6KPUGDA2S5F,White Chocolate Mocha,54,2025-11-19T03:08:01.919381+00:00,2025-12-11T21:12:26.892263+00:00,false,,,,No inventory item maps to this Square catalog ID,36a6f992-17e9-42b5-a4e5-705ee0478d6a,Chocolate chip cookie,JA4UR77EH3PVQSR3GPQYROPX,0.6111
LYKB4ZTC6I6GBVURE3L34QJN,Cake Pop,54,2025-11-19T03:08:13.819349+00:00,2025-11-19T03:16:21.351486+00:00,false,,,,No inventory item maps to this Square catalog ID,b5659730-2ab2-4c16-9333-8e3ece47aa2f,Cake Pop,LIWXSQMVIGJWEKL4IEPNWPG4,1.0000
LYKB4ZTC6I6GBVURE3L34QJN,Cake Pop,54,2025-11-19T03:08:13.819349+00:00,2025-11-19T03:16:21.351486+00:00,false,,,,No inventory item maps to this Square catalog ID,d1d753e1-7296-4e75-92af-5fcba2a16edb,Cake Pops 3 for $10,MTJ6E7RBFMRGK5A5JO254FUT,0.6316
7GJ4R22WSOTH7UVRGEXTRBDE,Joyba bubble tea,52,2025-11-19T03:09:05.556928+00:00,2025-12-02T03:16:33.833735+00:00,true,eae85825-56a7-4309-8533-4e1995917a57,"Joyba Mango Passionfruit Green Tea Bubble Tea, 12 fl oz (Pack of 4)",2025-12-07T22:46:18.048966+00:00,Mapping exists now; early rows likely imported before inventory item existed,,,,
6R5JFN2XMGWRZDL2SP5I53JB,Chocolate chip cookie,51,2025-11-19T03:07:59.546278+00:00,2025-11-19T03:17:33.424215+00:00,true,97d47a35-f0ef-4e53-8630-f1a8e551cc1e,Chocolate Chip Cookie,2025-11-22T16:21:39.125334+00:00,Mapping exists now; early rows likely imported before inventory item existed,,,,
Q2RN4JEWPCFCLAPS3T7BH5OO,Rich Brownies - Crack Brownie,50,2025-11-19T03:17:01.361915+00:00,2025-12-11T21:12:17.700091+00:00,false,,,,No inventory item maps to this Square catalog ID,1ab24d64-7b67-4bbc-ba74-488b9ba3be2e,Rich Brownies - Crack Brownie,ULDF7F24BO4V4G7WMPKOQZ3R,1.0000
Q2RN4JEWPCFCLAPS3T7BH5OO,Rich Brownies - Crack Brownie,50,2025-11-19T03:17:01.361915+00:00,2025-12-11T21:12:17.700091+00:00,false,,,,No inventory item maps to this Square catalog ID,ad74b505-f330-4cad-af1e-df2f2a756c23,Rich Brownies - M&M Brownie,RKW2RENP6Y5EDRYGPUT2NE5P,0.7391
6ZHWUYR4WIWOINW3TTERAKVO,White Chocolate Mocha,49,2025-11-19T03:07:58.352382+00:00,2025-12-11T21:07:13.355752+00:00,false,,,,No inventory item maps to this Square catalog ID,97d47a35-f0ef-4e53-8630-f1a8e551cc1e,Chocolate Chip Cookie,6R5JFN2XMGWRZDL2SP5I53JB,0.6111
6ZHWUYR4WIWOINW3TTERAKVO,White Chocolate Mocha,49,2025-11-19T03:07:58.352382+00:00,2025-12-11T21:07:13.355752+00:00,false,,,,No inventory item maps to this Square catalog ID,36a6f992-17e9-42b5-a4e5-705ee0478d6a,Chocolate chip cookie,JA4UR77EH3PVQSR3GPQYROPX,0.6111
HV6AYLIVXXBCVSUQ6VN6KJAT,Cafe Latte,49,2025-11-19T03:08:15.972929+00:00,2025-12-11T21:12:15.712784+00:00,false,,,,No inventory item maps to this Square catalog ID,,,,
N4RHIPJPBE2GWM2KU2IYUGXL,Snickerdoodle Cookie,48,2025-11-19T03:08:15.456249+00:00,2025-12-11T21:12:23.039078+00:00,false,,,,No inventory item maps to this Square catalog ID,50739250-0cfa-445e-b5e9-b940aee2eaf6,Snickerdoodle Cookie,5EL7ZZ676J7XYPX3VONSDFJN,1.0000
HJA472MAOA2BMNJ66SE6B5JP,Burrito Bacon,47,2025-11-19T03:08:18.820177+00:00,2025-11-19T03:17:25.708978+00:00,true,e84b6edc-550c-4d9e-a505-4edea980a1a7,"Dis Burrito Breakfast Burrito - Bacon, 12pk",2025-12-02T01:24:19.924594+00:00,Mapping exists now; early rows likely imported before inventory item existed,,,,
N4NEOAXI5E77IT6B6EASBUCC,Chai Tea Latte,46,2025-11-19T03:08:29.52198+00:00,2025-12-11T21:12:27.259566+00:00,false,,,,No inventory item maps to this Square catalog ID,,,,
FCIAND7GTIFCVV2EZUM7JUXF,Iced Brown Sugar Oat Shaken Espresso,43,2025-11-19T03:07:59.752315+00:00,2025-12-11T16:49:45.631316+00:00,false,,,,No inventory item maps to this Square catalog ID,8ad45278-3580-44c5-914d-2f8fe1b19c80,Iced Brown Sugar Oat Shaken Espresso,2UCPPRMYHYZAYCKBFW7VJHF5,1.0000
ZBNL4SCLZF3M7TV655E35G5O,Coke Bottle,43,2025-11-19T03:08:43.346851+00:00,2025-12-11T21:12:27.647699+00:00,false,,,,No inventory item maps to this Square catalog ID,e1b30c35-709a-49fd-9d67-fd7dacedc972,Coke Bottle,EQIGYO6L5OUWXCJYH3KJ3XBY,1.0000
2GSUHZIZRUGZ4AJID4YN3OLX,Coffee cake,42,2025-11-19T03:08:17.388991+00:00,2025-12-11T21:07:07.066337+00:00,false,,,,No inventory item maps to this Square catalog ID,ba15f927-c2c2-4e6e-a524-417ac8ea0dc4,Coffee cake,HSOLOJSBXTSHZZ3KVNHYYZTF,1.0000
3K3R2KTO5CCTZYEOMRI3EHJC,Burrito Sausage,41,2025-11-19T03:08:09.625606+00:00,2025-11-19T03:17:09.007302+00:00,true,6ace8231-bbbf-468f-81c8-2d621d32b925,"Dis Burrito Breakfast Burrito - Pork Breakfast Sausage, 12pk",2025-12-02T01:25:50.205097+00:00,Mapping exists now; early rows likely imported before inventory item existed,,,,
FMXCM3IVS3Q7Q4XQVYVI27R5,Kind Bar,40,2025-11-19T03:08:00.223554+00:00,2025-12-11T21:12:26.546629+00:00,false,,,,No inventory item maps to this Square catalog ID,145b56bb-10ed-464f-95e3-5185a616f25d,Kind Bar,F2AAYYGC6YALGU2GW37XNPHF,1.0000
FMXCM3IVS3Q7Q4XQVYVI27R5,Kind Bar,40,2025-11-19T03:08:00.223554+00:00,2025-12-11T21:12:26.546629+00:00,false,,,,No inventory item maps to this Square catalog ID,bc00f39e-a2e3-4b3b-aef0-c68c5bb10411,Kind Bar Mini,N2TGAM7G6TS2ORQS7MP3UBUZ,0.7500
EO4TTBCD5PGYWFH4GHHPWSUS,Caramel Macchiato,38,2025-11-19T03:08:00.886704+00:00,2025-12-11T21:12:24.885642+00:00,false,,,,No inventory item maps to this Square catalog ID,,,,
57UL6AYRUZSQBGHL3ONGTO5N,Berry Peachy Lotus,38,2025-11-19T03:08:42.319462+00:00,2025-12-11T21:07:18.468947+00:00,false,,,,No inventory item maps to this Square catalog ID,,,,
EF77FEOKLRXM7PUONSDGGISY,Fig Bar,37,2025-11-19T03:08:11.060068+00:00,2025-12-11T21:12:16.726895+00:00,false,,,,No inventory item maps to this Square catalog ID,5a32e599-3c45-4c13-954d-2245dedc235d,Fig Bar,VQLULL7GKGTZOZV5BPBUISNM,1.0000
4TN7BCSDPYTFUG27OUAXTC3Q,Freshly Brewed Coffee,37,2025-11-19T03:08:54.346869+00:00,2025-12-11T21:12:25.035474+00:00,false,,,,No inventory item maps to this Square catalog ID,,,,
2HJT4BQHOEDUHA7VCOAWUMBZ,Kind Bar Mini,36,2025-11-19T03:10:06.138455+00:00,2025-12-11T21:07:27.355462+00:00,false,,,,No inventory item maps to this Square catalog ID,bc00f39e-a2e3-4b3b-aef0-c68c5bb10411,Kind Bar Mini,N2TGAM7G6TS2ORQS7MP3UBUZ,1.0000
2HJT4BQHOEDUHA7VCOAWUMBZ,Kind Bar Mini,36,2025-11-19T03:10:06.138455+00:00,2025-12-11T21:07:27.355462+00:00,false,,,,No inventory item maps to this Square catalog ID,145b56bb-10ed-464f-95e3-5185a616f25d,Kind Bar,F2AAYYGC6YALGU2GW37XNPHF,0.7500
DHTMQ4JBCNTOVAQH5IJNCP3R,Pumpkin Spice latte,35,2025-12-02T03:11:30.651296+00:00,2025-12-11T21:12:19.605384+00:00,false,,,,No inventory item maps to this Square catalog ID,,,,
FIZXN63MVPOCA4SI2LSMBOWM,Cafe Mocha,34,2025-11-19T03:08:02.912352+00:00,2025-12-11T21:07:10.204446+00:00,false,,,,No inventory item maps to this Square catalog ID,,,,
HE4CJYWXRVTKFGP72TXLA2LZ,Matcha Green Tea Latte,34,2025-11-19T03:09:31.34134+00:00,2025-12-11T21:12:15.55432+00:00,false,,,,No inventory item maps to this Square catalog ID,,,,
QYRXKXU6ZYBW7RHRJJJVB6LE,Rich Brownies,33,2025-11-19T03:12:05.664133+00:00,2025-12-11T16:49:54.197416+00:00,false,,,,No inventory item maps to this Square catalog ID,3813d840-1c96-448d-a612-7042c0d8e2a4,Brownie,WOKPDBYPFSOCYBXF6JY5YI26,0.7059
QYRXKXU6ZYBW7RHRJJJVB6LE,Rich Brownies,33,2025-11-19T03:12:05.664133+00:00,2025-12-11T16:49:54.197416+00:00,false,,,,No inventory item maps to this Square catalog ID,1ab24d64-7b67-4bbc-ba74-488b9ba3be2e,Rich Brownies - Crack Brownie,ULDF7F24BO4V4G7WMPKOQZ3R,0.6471
QYRXKXU6ZYBW7RHRJJJVB6LE,Rich Brownies,33,2025-11-19T03:12:05.664133+00:00,2025-12-11T16:49:54.197416+00:00,false,,,,No inventory item maps to this Square catalog ID,ad74b505-f330-4cad-af1e-df2f2a756c23,Rich Brownies - M&M Brownie,RKW2RENP6Y5EDRYGPUT2NE5P,0.6471
6ZCR77YUMKXESH3M57WFYELL,Celsius,31,2025-11-19T03:08:09.308738+00:00,2025-12-11T21:12:19.91699+00:00,false,,,,No inventory item maps to this Square catalog ID,7db1bd91-671f-4cda-b4ee-5bdfa51d5834,Celsius,LF3NWV6JS3UF7E526OJJDZQA,1.0000
K36TJ6X7EIL53GA7EWM4T2SZ,Mango Dragonfruit,31,2025-11-19T03:08:10.705503+00:00,2025-12-11T21:07:16.768278+00:00,false,,,,No inventory item maps to this Square catalog ID,,,,
MCPVKTMHBCQLNZ5DUNUQF7WP,Burrito Chicken Chorizzo,31,2025-11-19T03:08:11.060068+00:00,2025-11-19T03:17:38.99044+00:00,true,a0ebec7a-3bf6-40f8-af8c-381452f09557,"Dis Burrito Breakfast Burrito - Chicken Chorizo, 12pk",2025-12-02T01:27:25.591708+00:00,Mapping exists now; early rows likely imported before inventory item existed,,,,
QZ5AR443MEU2LD4CFQAXJGLD,Pink Drink,31,2025-11-19T03:08:14.981485+00:00,2025-12-11T21:07:08.887924+00:00,false,,,,No inventory item maps to this Square catalog ID,,,,
YHEEMOQQIN4P6O6TOYZLZR54,Mocha Frappuccino,31,2025-11-19T03:08:30.58862+00:00,2025-12-11T16:50:10.128668+00:00,false,,,,No inventory item maps to this Square catalog ID,,,,
ORGIQOYIUHEWZKYBQPR4XXPI,Vanilla Bean Frappuccino,31,2025-11-19T03:08:33.584555+00:00,2025-12-11T21:12:22.523298+00:00,false,,,,No inventory item maps to this Square catalog ID,883ddbe9-843f-47d7-9e32-00ae68492b87,Vanilla Bean Frappuccino,IOZ35V34Y4VEIQZYKZGQRUPL,1.0000
M3BTZQZOJUHKT25K2TT45PZ7,Strawberry Acai,31,2025-11-19T03:09:11.220325+00:00,2025-12-11T16:49:53.812248+00:00,false,,,,No inventory item maps to this Square catalog ID,1ea7d5c6-fb5f-468e-a96a-1c06821a729a,Strawberry Acai,EF5KHCUPSN7TMW6L65NV2WFK,1.0000
M3BTZQZOJUHKT25K2TT45PZ7,Strawberry Acai,31,2025-11-19T03:09:11.220325+00:00,2025-12-11T16:49:53.812248+00:00,false,,,,No inventory item maps to this Square catalog ID,734f1f2b-2528-43dc-a773-b2f4704ec6c2,Cake Pop Strawberry Cake,X4KQOXE6CYREBM4IDTPZMSI4,0.6061
M3BTZQZOJUHKT25K2TT45PZ7,Strawberry Acai,31,2025-11-19T03:09:11.220325+00:00,2025-12-11T16:49:53.812248+00:00,false,,,,No inventory item maps to this Square catalog ID,4b6f89b3-3032-4b12-8f49-e0d87baed747,Strawberry Smoothie,XMDGVPI3OK7L73L2IM2AVC3B,0.6000
3ZKZYP2HYWA7N74DWVF55ID7,Vanilla Latte,30,2025-11-19T03:08:03.851091+00:00,2025-12-11T21:12:22.365626+00:00,false,,,,No inventory item maps to this Square catalog ID,75f98829-376e-4e25-856e-ed11ebd1039b,Vanilla Latte,JPOIZDZSWFHU37LNX2D2EXYJ,1.0000
ZITM5AI2VBWGJC5XBPSRVOLU,Vanilla Latte,30,2025-11-19T03:08:20.071703+00:00,2025-12-11T21:12:16.726895+00:00,false,,,,No inventory item maps to this Square catalog ID,75f98829-376e-4e25-856e-ed11ebd1039b,Vanilla Latte,JPOIZDZSWFHU37LNX2D2EXYJ,1.0000
YCPH44NOAS3JWPR5WVRHTNGQ,Mango Smoothie,30,2025-11-19T03:08:46.479922+00:00,2025-12-11T21:12:23.944375+00:00,false,,,,No inventory item maps to this Square catalog ID,,,,
WBTTKDCK4MUSWHFTHWCGRF4F,Orange Creamsicle Lotus,29,2025-11-19T03:08:05.212989+00:00,2025-12-11T21:07:24.118574+00:00,false,,,,No inventory item maps to this Square catalog ID,eff84198-0821-458e-a7b5-18a1575f905e,Orange Creamsicle Lotus,SK6N4NQPSLZDDTMB4QHMEKVM,1.0000
W3JQBM7EPWM3VUTGICOO6LKW,Cappuccino,29,2025-11-19T03:08:54.550184+00:00,2025-12-11T21:12:22.040116+00:00,false,,,,No inventory item maps to this Square catalog ID,,,,
XHM2OZEJWBEB7QLBSIIP5D3E,Affogato,29,2025-11-19T03:10:02.022906+00:00,2025-12-11T16:44:32.231207+00:00,false,,,,No inventory item maps to this Square catalog ID,,,,
M3ELF75FXS7ASA22UGILQ46A,Pumpkin Spice latte,28,2025-12-02T03:11:15.123699+00:00,2025-12-11T21:12:21.878138+00:00,false,,,,No inventory item maps to this Square catalog ID,,,,
LP5Z3MRYW4NR6W6TFSURCNMG,Cappuccino,27,2025-11-19T03:09:26.162168+00:00,2025-12-11T21:07:24.647966+00:00,false,,,,No inventory item maps to this Square catalog ID,,,,
CAVGF3LVEHY5B2JD5IDFCBZL,Gatorade - Assorted - 20 oz,27,2025-11-19T03:16:43.972829+00:00,2025-12-11T21:07:27.516193+00:00,false,,,,No inventory item maps to this Square catalog ID,687ebb6d-42b5-4c5c-8b3a-d2c415546de7,Gatorade - Assorted - 20 oz,UK4O2S44WKE34CWR3OQSGI6E,1.0000
CAVGF3LVEHY5B2JD5IDFCBZL,Gatorade - Assorted - 20 oz,27,2025-11-19T03:16:43.972829+00:00,2025-12-11T21:07:27.516193+00:00,false,,,,No inventory item maps to this Square catalog ID,51bf78a7-a018-4bf3-b299-74ee0e60537e,Gatorade Zero - Assorted - 20 oz,R7LWYKLSFBSSZBA4ZEGEHYAM,0.8571
UPANMLNBET65ZOJPU37SHW5G,Mango Dragonfruit,25,2025-11-19T03:08:06.015166+00:00,2025-12-11T21:12:27.078042+00:00,false,,,,No inventory item maps to this Square catalog ID,,,,
272FKWGWS3Q5SOWVA5OLX7UB,Cafe Mocha,25,2025-11-19T03:09:03.243282+00:00,2025-12-11T21:12:14.246654+00:00,false,,,,No inventory item maps to this Square catalog ID,,,,
VPBUBVSHSKCC4HRRMW47AP2A,Matcha Green Tea Latte,25,2025-11-19T03:09:38.494912+00:00,2025-12-11T21:12:29.28317+00:00,false,,,,No inventory item maps to this Square catalog ID,,,,
PD3UU5BNGDSBGUSXJDDR6MBL,Danish Raspberry,24,2025-11-19T03:08:17.921143+00:00,2025-12-11T21:07:06.426457+00:00,false,,,,No inventory item maps to this Square catalog ID,54d6cc66-96a0-4dcb-afe2-7254e9f6b7fe,Danish Raspberry,QPQFKC2N2ORJVTQMEPLFQEWW,1.0000
PD3UU5BNGDSBGUSXJDDR6MBL,Danish Raspberry,24,2025-11-19T03:08:17.921143+00:00,2025-12-11T21:07:06.426457+00:00,false,,,,No inventory item maps to this Square catalog ID,b7c15ca7-95ef-43ce-b1ab-331d4dce2418,Raspberry Croissant,FCDUEMQ2Q22KT6KVDMIJ67JD,0.6452
PD3UU5BNGDSBGUSXJDDR6MBL,Danish Raspberry,24,2025-11-19T03:08:17.921143+00:00,2025-12-11T21:07:06.426457+00:00,false,,,,No inventory item maps to this Square catalog ID,daea24e3-df34-4c14-ada9-855a897f89c1,Danish Blueberry,UMWD7X2HJ7F65VUP5Q3XLQ35,0.6429
X3N74BSGR7FAHO4SFCUZDGA4,Cold Brew w/ Vanilla Sweet Cream,24,2025-11-19T03:08:49.229017+00:00,2025-12-11T21:12:24.734156+00:00,false,,,,No inventory item maps to this Square catalog ID,9e5c47d8-620f-47b4-851b-c16b1a9d6682,Cold Brew w/ Vanilla Sweet Cream,GMAZLMT4ZCVQI2LEX5LBSPUZ,1.0000
X3N74BSGR7FAHO4SFCUZDGA4,Cold Brew w/ Vanilla Sweet Cream,24,2025-11-19T03:08:49.229017+00:00,2025-12-11T21:12:24.734156+00:00,false,,,,No inventory item maps to this Square catalog ID,cacf1457-c60b-4dcb-95fb-17c973c647ba,Nitro Cold Brew w/ Vanilla Sweet Cream Cold Foam,SNPIMQHBIDY62LJ4MJ43M2I5,0.7937
CPC6GK4R2SMAYTMLUKAUGXCP,Caramel Macchiato,24,2025-11-19T03:10:31.546729+00:00,2025-12-11T21:07:18.860841+00:00,false,,,,No inventory item maps to this Square catalog ID,,,,
QUR57YMNJA5OX6NVZP3SMQGC,Sammies Bacon Sandwich,23,2025-11-19T03:08:08.982057+00:00,2025-11-19T03:17:22.7571+00:00,true,e010aac2-c760-480b-89ef-6676a02fa1f5,"Sammie - Bacon, Egg & Cheese Sandwich, 6ct",2025-12-02T01:33:30.917148+00:00,Mapping exists now; early rows likely imported before inventory item existed,,,,
7HMLLEPJGAAP4D5FTD55GQBI,Strawberry Acai,23,2025-11-19T03:09:18.261761+00:00,2025-12-11T21:07:03.371543+00:00,false,,,,No inventory item maps to this Square catalog ID,1ea7d5c6-fb5f-468e-a96a-1c06821a729a,Strawberry Acai,EF5KHCUPSN7TMW6L65NV2WFK,1.0000
7HMLLEPJGAAP4D5FTD55GQBI,Strawberry Acai,23,2025-11-19T03:09:18.261761+00:00,2025-12-11T21:07:03.371543+00:00,false,,,,No inventory item maps to this Square catalog ID,734f1f2b-2528-43dc-a773-b2f4704ec6c2,Cake Pop Strawberry Cake,X4KQOXE6CYREBM4IDTPZMSI4,0.6061
7HMLLEPJGAAP4D5FTD55GQBI,Strawberry Acai,23,2025-11-19T03:09:18.261761+00:00,2025-12-11T21:07:03.371543+00:00,false,,,,No inventory item maps to this Square catalog ID,4b6f89b3-3032-4b12-8f49-e0d87baed747,Strawberry Smoothie,XMDGVPI3OK7L73L2IM2AVC3B,0.6000
2DLTMCWMLDRAHGN7U7Z4MSMD,Cream cheese 1.5oz,23,2025-11-19T03:15:45.416375+00:00,2025-12-11T16:50:05.112455+00:00,false,,,,No inventory item maps to this Square catalog ID,5d7f75d6-ff55-4410-8a63-d683ae30815b,Cream cheese 1.5oz,27KX73FQWVNSJ65XYFBA5IUN,1.0000
2DLTMCWMLDRAHGN7U7Z4MSMD,Cream cheese 1.5oz,23,2025-11-19T03:15:45.416375+00:00,2025-12-11T16:50:05.112455+00:00,false,,,,No inventory item maps to this Square catalog ID,1df62cf4-3091-489a-9f88-e362a0e9b994,Vegan cream cheese 1.5oz,NSIHZOF4FOVOSW5NJTVMCF6L,0.8485
2DLTMCWMLDRAHGN7U7Z4MSMD,Cream cheese 1.5oz,23,2025-11-19T03:15:45.416375+00:00,2025-12-11T16:50:05.112455+00:00,false,,,,No inventory item maps to this Square catalog ID,a163543b-5dce-40bd-bab6-694c6f844dc4,Danish Cream Cheese,T4MKNIIJKI3ALVGQJZUIBNF6,0.6667
MEZHUWBJ72M4TDWEYS4WOXA3,Pinky Promise Lotus,22,2025-11-19T03:12:09.926436+00:00,2025-12-11T21:12:23.944375+00:00,false,,,,No inventory item maps to this Square catalog ID,,,,
LSVBNBHPCGMH6RUSW4HSYCUO,Cake Pop Chocolate Cake,22,2025-11-19T03:16:40.210962+00:00,2025-12-11T21:12:22.195324+00:00,false,,,,No inventory item maps to this Square catalog ID,1084b444-cbfd-43d0-b98a-fd5a2f62588b,Cake Pop Chocolate Cake,OFMYDCXJJU5GX63NR3P5HZMU,1.0000
BOMMY3YNE4F4XALBBPT776VD,Chips,21,2025-11-19T03:07:57.647474+00:00,2025-11-19T03:16:17.158175+00:00,false,,,,No inventory item maps to this Square catalog ID,740982b1-7513-49c8-a9a6-554a82c9d1b3,Chips,ZG3OOMQZCJSQ3YGSVXKWAXDB,1.0000
Z33UDIHQ5LTTGOIJMAV6LNOU,Mocha Frappuccino,21,2025-11-19T03:08:03.097882+00:00,2025-12-11T21:07:21.838697+00:00,false,,,,No inventory item maps to this Square catalog ID,,,,
MMHEM2NSPLFBSB7NR67W4M7C,Hot Tea,21,2025-11-19T03:08:09.783477+00:00,2025-12-11T21:07:23.592168+00:00,false,,,,No inventory item maps to this Square catalog ID,,,,
2R5MFQEV7G54P6FNHURIQMWW,Sammies Sausage Sandwich,21,2025-11-19T03:08:16.888946+00:00,2025-11-19T03:17:39.492024+00:00,true,cc90664c-d8da-4610-a00c-93c72a537141,"Sammie - Sausage, Egg & Cheese Sandwich, 6ct",2025-12-02T01:36:04.220084+00:00,Mapping exists now; early rows likely imported before inventory item existed,,,,
SR4VRSPLC3S6VGM6D3QJXOPD,Mocha Frappuccino,20,2025-11-19T03:07:58.887842+00:00,2025-12-11T16:44:12.946185+00:00,false,,,,No inventory item maps to this Square catalog ID,,,,
WARZSMRSVCIEXCXXFQJASPES,Izze Sparkling Water,20,2025-11-19T03:08:05.823472+00:00,2025-11-19T03:15:06.621331+00:00,false,,,,No inventory item maps to this Square catalog ID,d33f6616-cb94-432c-9915-64138fd11dc9,Izze Sparkling Water,2QCR77377C62YQLJBVYQUWNS,1.0000
L7Q3TA6LGETEQKFL662BCHV2,Americano,20,2025-11-19T03:09:07.224063+00:00,2025-12-11T21:07:23.407383+00:00,false,,,,No inventory item maps to this Square catalog ID,,,,
ZRJE2OGETYUXLM6H6H5JHDFG,Vanilla Bean Frappuccino,20,2025-11-19T03:09:28.341145+00:00,2025-12-11T21:12:19.296985+00:00,false,,,,No inventory item maps to this Square catalog ID,883ddbe9-843f-47d7-9e32-00ae68492b87,Vanilla Bean Frappuccino,IOZ35V34Y4VEIQZYKZGQRUPL,1.0000
IOOJW5JVMUBIM2VA4CWBNOF3,Mango Colada Lotus,20,2025-11-19T03:09:40.705734+00:00,2025-12-11T21:12:26.403236+00:00,false,,,,No inventory item maps to this Square catalog ID,,,,
GRQLAGAPUIVPYLIAME7IE4FK,Chobani,20,2025-11-19T03:10:09.861446+00:00,2025-12-02T03:16:25.564416+00:00,true,df5d4c5a-28ff-4a75-a00e-1bfe7c82875c,"Chobani 20G Protein Low Fat Greek Yogurt Drink Variety Pack, 10 fl. oz,. 8 ct.",2025-12-07T22:51:38.144376+00:00,Mapping exists now; early rows likely imported before inventory item existed,,,,
FJABRYNS6LE4H3A7VHJ5LLY5,Cake Pop Strawberry Cake,20,2025-11-19T03:17:02.016899+00:00,2025-12-11T21:07:02.149219+00:00,false,,,,No inventory item maps to this Square catalog ID,734f1f2b-2528-43dc-a773-b2f4704ec6c2,Cake Pop Strawberry Cake,X4KQOXE6CYREBM4IDTPZMSI4,1.0000
FJABRYNS6LE4H3A7VHJ5LLY5,Cake Pop Strawberry Cake,20,2025-11-19T03:17:02.016899+00:00,2025-12-11T21:07:02.149219+00:00,false,,,,No inventory item maps to this Square catalog ID,1ea7d5c6-fb5f-468e-a96a-1c06821a729a,Strawberry Acai,EF5KHCUPSN7TMW6L65NV2WFK,0.6061
YWTV6QML3TFHDQEYIR7EU6QT,Pumpkin Spice latte,20,2025-12-02T03:11:34.478558+00:00,2025-12-11T21:12:19.296985+00:00,false,,,,No inventory item maps to this Square catalog ID,,,,
KIWO4CK3X4FBW5LACA4UNGRU,Sammies Turkey Sandwich,19,2025-11-19T03:08:06.015166+00:00,2025-12-11T16:49:40.475143+00:00,false,,,,No inventory item maps to this Square catalog ID,87fe2253-f5ab-4bf8-921f-bcf9c27f6c51,Sammies Turkey Sandwich,FQWPC7NS4VAYUK6FS5EIFFPN,1.0000
KIWO4CK3X4FBW5LACA4UNGRU,Sammies Turkey Sandwich,19,2025-11-19T03:08:06.015166+00:00,2025-12-11T16:49:40.475143+00:00,false,,,,No inventory item maps to this Square catalog ID,a3183cdb-c159-49f2-ae09-bd5273b08f05,Sammies Bacon Sandwich,5WVBDQXFTQK44BN474EL657I,0.6667
KIWO4CK3X4FBW5LACA4UNGRU,Sammies Turkey Sandwich,19,2025-11-19T03:08:06.015166+00:00,2025-12-11T16:49:40.475143+00:00,false,,,,No inventory item maps to this Square catalog ID,a45a6370-e07e-4173-a8b5-cbde29aaaf3e,Sammies Sausage Sandwich,FAJ3SHJE3B7E2WKIQBB24B4P,0.6341
2H3IEWLM5G4UOICQYW6I2TS3,Sammies Egg & Cheese Sandwich,19,2025-11-19T03:08:08.162855+00:00,2025-11-19T03:17:10.825116+00:00,true,8d651304-7579-4772-96d4-77af49b739e0,"Sammie - Egg & Cheese Sandwich, 6ct",2025-12-02T01:34:56.808146+00:00,Mapping exists now; early rows likely imported before inventory item existed,,,,
LL7FPKSWO5TXSCO22745ELGK,Hot Chocolate,19,2025-11-19T03:09:04.630585+00:00,2025-12-11T21:07:10.003217+00:00,false,,,,No inventory item maps to this Square catalog ID,43bbf682-f0af-43fe-b756-5f2ed46ff274,Chocolate Muffin,OIF7WKM6KSTIGEGL27ICCFES,0.6400
LL7FPKSWO5TXSCO22745ELGK,Hot Chocolate,19,2025-11-19T03:09:04.630585+00:00,2025-12-11T21:07:10.003217+00:00,false,,,,No inventory item maps to this Square catalog ID,fdeaf9a3-9e77-4785-956f-71bc43019ea2,Danish Chocolate,QOH4PJDWEGNYEI4ESDKMEHFQ,0.6400
HTWP7CGNNW62UHRVPK4GM2CY,Cafe Mocha,19,2025-11-19T03:09:32.280949+00:00,2025-12-11T16:49:43.543653+00:00,false,,,,No inventory item maps to this Square catalog ID,,,,
Q2NNSJ6VMP42BU2OBAC3TD6P,Lavender Haze Lotus,18,2025-11-19T03:07:59.20252+00:00,2025-12-11T21:07:07.651182+00:00,false,,,,No inventory item maps to this Square catalog ID,,,,
6M6B2DC33TWXYBV7DBKC4Q5D,Strawberry Acai,18,2025-11-19T03:09:02.423154+00:00,2025-12-11T21:07:13.651625+00:00,false,,,,No inventory item maps to this Square catalog ID,1ea7d5c6-fb5f-468e-a96a-1c06821a729a,Strawberry Acai,EF5KHCUPSN7TMW6L65NV2WFK,1.0000
6M6B2DC33TWXYBV7DBKC4Q5D,Strawberry Acai,18,2025-11-19T03:09:02.423154+00:00,2025-12-11T21:07:13.651625+00:00,false,,,,No inventory item maps to this Square catalog ID,734f1f2b-2528-43dc-a773-b2f4704ec6c2,Cake Pop Strawberry Cake,X4KQOXE6CYREBM4IDTPZMSI4,0.6061
6M6B2DC33TWXYBV7DBKC4Q5D,Strawberry Acai,18,2025-11-19T03:09:02.423154+00:00,2025-12-11T21:07:13.651625+00:00,false,,,,No inventory item maps to this Square catalog ID,4b6f89b3-3032-4b12-8f49-e0d87baed747,Strawberry Smoothie,XMDGVPI3OK7L73L2IM2AVC3B,0.6000
2HECROJRRIBT5ZGQVUNZT3S4,Cake Pops 3 for $10,18,2025-11-19T03:10:41.962888+00:00,2025-12-11T16:44:17.999544+00:00,false,,,,No inventory item maps to this Square catalog ID,d1d753e1-7296-4e75-92af-5fcba2a16edb,Cake Pops 3 for $10,MTJ6E7RBFMRGK5A5JO254FUT,1.0000
2HECROJRRIBT5ZGQVUNZT3S4,Cake Pops 3 for $10,18,2025-11-19T03:10:41.962888+00:00,2025-12-11T16:44:17.999544+00:00,false,,,,No inventory item maps to this Square catalog ID,b5659730-2ab2-4c16-9333-8e3ece47aa2f,Cake Pop,LIWXSQMVIGJWEKL4IEPNWPG4,0.6316
FGY2ULKFM5XKGNCXKEOZJD3J,Mango Dragonfruit,17,2025-11-19T03:08:04.653667+00:00,2025-12-11T16:44:40.9874+00:00,false,,,,No inventory item maps to this Square catalog ID,,,,
EBDT45J4RJWPQPFXYPC3DRV7,Strawberry Smoothie,17,2025-11-19T03:08:18.820177+00:00,2025-12-11T21:12:23.77156+00:00,false,,,,No inventory item maps to this Square catalog ID,4b6f89b3-3032-4b12-8f49-e0d87baed747,Strawberry Smoothie,XMDGVPI3OK7L73L2IM2AVC3B,1.0000
EBDT45J4RJWPQPFXYPC3DRV7,Strawberry Smoothie,17,2025-11-19T03:08:18.820177+00:00,2025-12-11T21:12:23.77156+00:00,false,,,,No inventory item maps to this Square catalog ID,6e9cbddd-9094-4661-98c7-0a0a307d1ecc,Mango & Strawberry Smoothie,TMAUDKG2RNADL4N5B2VC6EZZ,0.8095
EBDT45J4RJWPQPFXYPC3DRV7,Strawberry Smoothie,17,2025-11-19T03:08:18.820177+00:00,2025-12-11T21:12:23.77156+00:00,false,,,,No inventory item maps to this Square catalog ID,1ea7d5c6-fb5f-468e-a96a-1c06821a729a,Strawberry Acai,EF5KHCUPSN7TMW6L65NV2WFK,0.6000
J7UIGFCT6Y6URMASTUZ66JUI,Iced Brown Sugar Oat Shaken Espresso,17,2025-11-19T03:08:32.283365+00:00,2025-12-02T03:11:29.456147+00:00,false,,,,No inventory item maps to this Square catalog ID,8ad45278-3580-44c5-914d-2f8fe1b19c80,Iced Brown Sugar Oat Shaken Espresso,2UCPPRMYHYZAYCKBFW7VJHF5,1.0000
ECXPRKCYGHTI2NQ5ABQAQG6H,Vanilla Bean Frappuccino,16,2025-11-19T03:08:21.381636+00:00,2025-12-11T21:07:16.768278+00:00,false,,,,No inventory item maps to this Square catalog ID,883ddbe9-843f-47d7-9e32-00ae68492b87,Vanilla Bean Frappuccino,IOZ35V34Y4VEIQZYKZGQRUPL,1.0000
2ZTO4N7OK2MJYKFUA64HFJ6O,Strawberry Smoothie,16,2025-11-19T03:12:10.905821+00:00,2025-12-11T21:12:24.106131+00:00,false,,,,No inventory item maps to this Square catalog ID,4b6f89b3-3032-4b12-8f49-e0d87baed747,Strawberry Smoothie,XMDGVPI3OK7L73L2IM2AVC3B,1.0000
2ZTO4N7OK2MJYKFUA64HFJ6O,Strawberry Smoothie,16,2025-11-19T03:12:10.905821+00:00,2025-12-11T21:12:24.106131+00:00,false,,,,No inventory item maps to this Square catalog ID,6e9cbddd-9094-4661-98c7-0a0a307d1ecc,Mango & Strawberry Smoothie,TMAUDKG2RNADL4N5B2VC6EZZ,0.8095
2ZTO4N7OK2MJYKFUA64HFJ6O,Strawberry Smoothie,16,2025-11-19T03:12:10.905821+00:00,2025-12-11T21:12:24.106131+00:00,false,,,,No inventory item maps to this Square catalog ID,1ea7d5c6-fb5f-468e-a96a-1c06821a729a,Strawberry Acai,EF5KHCUPSN7TMW6L65NV2WFK,0.6000
R76JVFEMHE6YSDRST4YXHDCL,Iced Coffee,15,2025-11-19T03:07:59.372148+00:00,2025-12-02T03:15:30.073622+00:00,false,,,,No inventory item maps to this Square catalog ID,,,,
74YEJJLUPYSK2P7PQWKXNLW2,Mango Smoothie,15,2025-11-19T03:08:03.481217+00:00,2025-12-11T16:49:33.66786+00:00,false,,,,No inventory item maps to this Square catalog ID,,,,
GA7UYWFZPWQ5XXTERZJH3M6D,Ocean Mist Lotus,15,2025-11-19T03:08:53.922946+00:00,2025-12-11T21:07:12.522613+00:00,false,,,,No inventory item maps to this Square catalog ID,,,,
HFRQ2T5UWLKO45PR3GKEGQJO,Caramel Apple Lotus,15,2025-11-19T03:09:01.221242+00:00,2025-12-11T21:12:14.092042+00:00,false,,,,No inventory item maps to this Square catalog ID,,,,
MB2TNW4IISDIWNAW5C3SXW7B,Cake Pop,15,2025-11-19T03:14:27.221483+00:00,2025-11-19T03:16:38.560874+00:00,false,,,,No inventory item maps to this Square catalog ID,b5659730-2ab2-4c16-9333-8e3ece47aa2f,Cake Pop,LIWXSQMVIGJWEKL4IEPNWPG4,1.0000
MB2TNW4IISDIWNAW5C3SXW7B,Cake Pop,15,2025-11-19T03:14:27.221483+00:00,2025-11-19T03:16:38.560874+00:00,false,,,,No inventory item maps to this Square catalog ID,d1d753e1-7296-4e75-92af-5fcba2a16edb,Cake Pops 3 for $10,MTJ6E7RBFMRGK5A5JO254FUT,0.6316
35TUXQZMDQF5GI26GBPJZCNU,Iced Coffee,14,2025-11-19T03:08:27.146488+00:00,2025-12-02T03:16:47.438011+00:00,false,,,,No inventory item maps to this Square catalog ID,,,,
B6TXOEXU2WMAYIASVAVJ552C,Cold Brew w/ Vanilla Sweet Cream,14,2025-11-19T03:08:35.106225+00:00,2025-12-11T16:50:09.757093+00:00,false,,,,No inventory item maps to this Square catalog ID,9e5c47d8-620f-47b4-851b-c16b1a9d6682,Cold Brew w/ Vanilla Sweet Cream,GMAZLMT4ZCVQI2LEX5LBSPUZ,1.0000
B6TXOEXU2WMAYIASVAVJ552C,Cold Brew w/ Vanilla Sweet Cream,14,2025-11-19T03:08:35.106225+00:00,2025-12-11T16:50:09.757093+00:00,false,,,,No inventory item maps to this Square catalog ID,cacf1457-c60b-4dcb-95fb-17c973c647ba,Nitro Cold Brew w/ Vanilla Sweet Cream Cold Foam,SNPIMQHBIDY62LJ4MJ43M2I5,0.7937
U7XCAUW4J32KXRMH65Z4VJ5S,Caramel Apple Lotus,14,2025-11-19T03:08:35.52778+00:00,2025-12-11T21:12:15.907826+00:00,false,,,,No inventory item maps to this Square catalog ID,,,,
QOW5IAWZSQJN3W36K5XA7R4C,Cold Brew,14,2025-11-19T03:08:38.516066+00:00,2025-12-11T21:07:24.476898+00:00,false,,,,No inventory item maps to this Square catalog ID,,,,
6OQVDJKQMOVGQK3PHN6EJS3I,Orange Creamsicle Lotus,14,2025-11-19T03:09:08.992722+00:00,2025-12-02T03:16:12.687959+00:00,false,,,,No inventory item maps to this Square catalog ID,eff84198-0821-458e-a7b5-18a1575f905e,Orange Creamsicle Lotus,SK6N4NQPSLZDDTMB4QHMEKVM,1.0000
YYQ2SMPCJMREZXC4NIHSPGTI,Matcha Green Tea Latte,14,2025-11-19T03:09:10.576458+00:00,2025-12-11T16:43:50.798482+00:00,false,,,,No inventory item maps to this Square catalog ID,,,,
GV2PD6I7LFOALQSZZY3CP2OJ,Flat White,14,2025-11-19T03:09:16.609766+00:00,2025-12-11T21:07:25.38189+00:00,false,,,,No inventory item maps to this Square catalog ID,,,,
57TCLRJVGU5Y6ITZYRWDFCIG,Java Chip Frappuccino,14,2025-11-19T03:09:46.896912+00:00,2025-12-11T16:44:27.196533+00:00,false,,,,No inventory item maps to this Square catalog ID,,,,
XNXHVO6PETFRB7RITJRAQHTR,Danish,14,2025-11-19T03:14:30.119734+00:00,2025-11-19T03:16:29.02269+00:00,false,,,,No inventory item maps to this Square catalog ID,9d5c67f1-adae-4e78-bfe6-cc29e7307f9d,Danish,OKWC6AAABGVXWLJXWDJWFQH3,1.0000
XNXHVO6PETFRB7RITJRAQHTR,Danish,14,2025-11-19T03:14:30.119734+00:00,2025-11-19T03:16:29.02269+00:00,false,,,,No inventory item maps to this Square catalog ID,0f211e2d-2c65-4f6a-8380-e3ad53fa9c85,Mini Danish,EBMUUXZVYNERLCRTCBWGUQYY,0.7143
XNXHVO6PETFRB7RITJRAQHTR,Danish,14,2025-11-19T03:14:30.119734+00:00,2025-11-19T03:16:29.02269+00:00,false,,,,No inventory item maps to this Square catalog ID,82a49aab-138f-4bd4-9f94-d4843b54e1d0,Danish Lemon,WPG5OQLMSXYGUDSIU4EXURVI,0.6667
PJZ2GXRDAAVUASTLEE5E476K,Mango Smoothie,13,2025-11-19T03:08:04.02517+00:00,2025-12-11T21:12:26.72179+00:00,false,,,,No inventory item maps to this Square catalog ID,,,,
XE7ERKIUUTNPOB5CDQ5WQJTJ,Danish Apple,13,2025-11-19T03:08:13.630272+00:00,2025-12-11T16:49:41.22023+00:00,false,,,,No inventory item maps to this Square catalog ID,0746fd2f-0ef4-4131-92a8-ffd950e48e73,Danish Apple,GAOSDTZ3XUGF5GXBECFDNKPZ,1.0000
XE7ERKIUUTNPOB5CDQ5WQJTJ,Danish Apple,13,2025-11-19T03:08:13.630272+00:00,2025-12-11T16:49:41.22023+00:00,false,,,,No inventory item maps to this Square catalog ID,9d5c67f1-adae-4e78-bfe6-cc29e7307f9d,Danish,OKWC6AAABGVXWLJXWDJWFQH3,0.6667
XE7ERKIUUTNPOB5CDQ5WQJTJ,Danish Apple,13,2025-11-19T03:08:13.630272+00:00,2025-12-11T16:49:41.22023+00:00,false,,,,No inventory item maps to this Square catalog ID,82a49aab-138f-4bd4-9f94-d4843b54e1d0,Danish Lemon,WPG5OQLMSXYGUDSIU4EXURVI,0.6000
B3CEWE3AMMRV3EMBYBZJA73T,Cold Brew,13,2025-11-19T03:08:47.567256+00:00,2025-12-11T16:49:55.526117+00:00,false,,,,No inventory item maps to this Square catalog ID,,,,
Y66BFKJKNXG23C5MVFSUX4EZ,Prickly Peach Punch Lotus,13,2025-11-19T03:08:50.470604+00:00,2025-12-11T16:44:16.406467+00:00,false,,,,No inventory item maps to this Square catalog ID,,,,
M3X6LKC3VRTGUC2SE77CFQ4Y,Strawberry Frappuccino,13,2025-11-19T03:10:17.886189+00:00,2025-12-11T21:07:05.980297+00:00,false,,,,No inventory item maps to this Square catalog ID,2c9336d3-0269-4e0b-a3f5-ba478de5a53c,Strawberry Frappuccino,KRABMKKBILR74ZXYPZXKSGOB,1.0000
EIOIXRRSAAK3V2FTDNITHG67,Hot Tea,13,2025-11-19T03:11:24.116956+00:00,2025-12-11T21:07:11.360333+00:00,false,,,,No inventory item maps to this Square catalog ID,,,,
EIAT7YFVZ6CVGRKLK2SC6E6U,Iced Pumpkin Cream Chai,13,2025-12-02T03:11:30.95297+00:00,2025-12-11T21:12:13.580336+00:00,false,,,,No inventory item maps to this Square catalog ID,ee35897a-a6de-4740-b3ca-b09842015ae6,Iced Pumpkin Cream Chai,NPGDPQBNKLLF2T7LSIC4526A,1.0000
EIAT7YFVZ6CVGRKLK2SC6E6U,Iced Pumpkin Cream Chai,13,2025-12-02T03:11:30.95297+00:00,2025-12-11T21:12:13.580336+00:00,false,,,,No inventory item maps to this Square catalog ID,0c285639-33e4-4d1d-bfa3-f6f5ce9fd957,Pumpkin Cream Cold Brew,667UFV4HAAIBAWBAIQ5OBC7P,0.6316
EPR7PLR5HICXQYI6RNGI6P6Y,Pink Drink,12,2025-11-19T03:08:09.161125+00:00,2025-12-11T21:12:13.94747+00:00,false,,,,No inventory item maps to this Square catalog ID,,,,
WJK5VMXVOQLZ6BCBBXSYRI7J,Java Chip Frappuccino,12,2025-11-19T03:08:16.888946+00:00,2025-12-02T03:11:49.671804+00:00,false,,,,No inventory item maps to this Square catalog ID,,,,
KOBMA2E7QCPXPX5PJ5SXGHLV,White Chocolate Mocha Frappuccino,12,2025-11-19T03:08:17.921143+00:00,2025-12-11T21:12:28.744075+00:00,false,,,,No inventory item maps to this Square catalog ID,,,,
3VUMU7LW5RLOX27GYWNOLQFO,Cold Brew w/ Vanilla Sweet Cream,12,2025-11-19T03:09:25.799883+00:00,2025-12-11T21:12:24.481188+00:00,false,,,,No inventory item maps to this Square catalog ID,9e5c47d8-620f-47b4-851b-c16b1a9d6682,Cold Brew w/ Vanilla Sweet Cream,GMAZLMT4ZCVQI2LEX5LBSPUZ,1.0000
3VUMU7LW5RLOX27GYWNOLQFO,Cold Brew w/ Vanilla Sweet Cream,12,2025-11-19T03:09:25.799883+00:00,2025-12-11T21:12:24.481188+00:00,false,,,,No inventory item maps to this Square catalog ID,cacf1457-c60b-4dcb-95fb-17c973c647ba,Nitro Cold Brew w/ Vanilla Sweet Cream Cold Foam,SNPIMQHBIDY62LJ4MJ43M2I5,0.7937
CMIRVWLNFGWS5R5L72HMEOVY,Java Chip Frappuccino,12,2025-11-19T03:10:24.711763+00:00,2025-12-11T21:07:12.808252+00:00,false,,,,No inventory item maps to this Square catalog ID,,,,
EKT5ZFS7YUVFFDQRIGFF5B54,Cake Pop,12,2025-11-19T03:12:11.298111+00:00,2025-11-19T03:16:36.378214+00:00,false,,,,No inventory item maps to this Square catalog ID,b5659730-2ab2-4c16-9333-8e3ece47aa2f,Cake Pop,LIWXSQMVIGJWEKL4IEPNWPG4,1.0000
EKT5ZFS7YUVFFDQRIGFF5B54,Cake Pop,12,2025-11-19T03:12:11.298111+00:00,2025-11-19T03:16:36.378214+00:00,false,,,,No inventory item maps to this Square catalog ID,d1d753e1-7296-4e75-92af-5fcba2a16edb,Cake Pops 3 for $10,MTJ6E7RBFMRGK5A5JO254FUT,0.6316
3DK2GEPTRJOQYNISV6BTUKNN,Cake Pop,12,2025-11-19T03:12:27.574919+00:00,2025-11-19T03:16:29.500087+00:00,false,,,,No inventory item maps to this Square catalog ID,b5659730-2ab2-4c16-9333-8e3ece47aa2f,Cake Pop,LIWXSQMVIGJWEKL4IEPNWPG4,1.0000
3DK2GEPTRJOQYNISV6BTUKNN,Cake Pop,12,2025-11-19T03:12:27.574919+00:00,2025-11-19T03:16:29.500087+00:00,false,,,,No inventory item maps to this Square catalog ID,d1d753e1-7296-4e75-92af-5fcba2a16edb,Cake Pops 3 for $10,MTJ6E7RBFMRGK5A5JO254FUT,0.6316
6YQBQNY2M4SX4VZ7LDX4EBIK,Joyba Strawberry Lemonade Bubble Tea - 12 oz,12,2025-11-19T03:16:41.351156+00:00,2025-12-02T03:16:21.311102+00:00,true,b37381c8-fa41-473e-b172-4282e28650bf,"Joyba Strawberry Lemonade Green Tea Bubble Tea, 12 fl oz Cup (Pack of 4)",2025-12-07T22:44:38.565087+00:00,Mapping exists now; early rows likely imported before inventory item existed,,,,
IHICI3U3ZVOBCG75JFMMABGQ,Waterloo - Sparkling Water - Assorted - 12 oz,12,2025-11-19T03:16:57.832917+00:00,2025-12-11T16:44:05.92892+00:00,false,,,,No inventory item maps to this Square catalog ID,b5fe730b-73ca-49de-bae8-089c49fac724,Waterloo - Sparkling Water - Assorted - 12 oz,TJZXHONKI6CYSJYEL2KNALJ7,1.0000
BOQXWMOGP3VVQAFZJ5TOVHVF,Mango Colada Lotus,11,2025-11-19T03:08:04.206365+00:00,2025-12-02T03:16:12.313061+00:00,false,,,,No inventory item maps to this Square catalog ID,,,,
SNI2N4TYQXYPPNNP35TJSFVR,Ice Cream,11,2025-11-19T03:10:27.381275+00:00,2025-11-19T03:16:32.525252+00:00,false,,,,No inventory item maps to this Square catalog ID,79bea440-4148-4d57-861d-7fa7a6bbd516,Ice Cream,7TZIVQYZHN4R4VFLS3Q7HXQU,1.0000
SNI2N4TYQXYPPNNP35TJSFVR,Ice Cream,11,2025-11-19T03:10:27.381275+00:00,2025-11-19T03:16:32.525252+00:00,false,,,,No inventory item maps to this Square catalog ID,2fcf7bb7-67a4-47ab-a815-18bc9cf9a2e8,Quart - Ice Cream,D5ZAN4LW6L5FRB5XAMFWY6XZ,0.7368
SNI2N4TYQXYPPNNP35TJSFVR,Ice Cream,11,2025-11-19T03:10:27.381275+00:00,2025-11-19T03:16:32.525252+00:00,false,,,,No inventory item maps to this Square catalog ID,5fac7f8a-9428-470e-bada-fcc09b9aaecd,Ice Cream - Salty O,OWJ47VP62ARIUYQXRA5UK2TB,0.7000
ONOHZI5KRGBABLWWNHR4K5PI,Ice Cream - Salty O,11,2025-11-19T03:16:51.595727+00:00,2025-12-11T21:07:20.345641+00:00,false,,,,No inventory item maps to this Square catalog ID,5fac7f8a-9428-470e-bada-fcc09b9aaecd,Ice Cream - Salty O,OWJ47VP62ARIUYQXRA5UK2TB,1.0000
ONOHZI5KRGBABLWWNHR4K5PI,Ice Cream - Salty O,11,2025-11-19T03:16:51.595727+00:00,2025-12-11T21:07:20.345641+00:00,false,,,,No inventory item maps to this Square catalog ID,79bea440-4148-4d57-861d-7fa7a6bbd516,Ice Cream,7TZIVQYZHN4R4VFLS3Q7HXQU,0.7000
AEHZLFMUQXFZU3G745XDLGFD,Espresso Shot,10,2025-11-19T03:08:49.42325+00:00,2025-12-11T21:07:25.591315+00:00,false,,,,No inventory item maps to this Square catalog ID,,,,
NPCPZXXC3F27Z44WVF6OCKMH,Strawberry Smoothie,10,2025-11-19T03:09:09.391223+00:00,2025-12-11T16:49:36.501937+00:00,false,,,,No inventory item maps to this Square catalog ID,4b6f89b3-3032-4b12-8f49-e0d87baed747,Strawberry Smoothie,XMDGVPI3OK7L73L2IM2AVC3B,1.0000
NPCPZXXC3F27Z44WVF6OCKMH,Strawberry Smoothie,10,2025-11-19T03:09:09.391223+00:00,2025-12-11T16:49:36.501937+00:00,false,,,,No inventory item maps to this Square catalog ID,6e9cbddd-9094-4661-98c7-0a0a307d1ecc,Mango & Strawberry Smoothie,TMAUDKG2RNADL4N5B2VC6EZZ,0.8095
NPCPZXXC3F27Z44WVF6OCKMH,Strawberry Smoothie,10,2025-11-19T03:09:09.391223+00:00,2025-12-11T16:49:36.501937+00:00,false,,,,No inventory item maps to this Square catalog ID,1ea7d5c6-fb5f-468e-a96a-1c06821a729a,Strawberry Acai,EF5KHCUPSN7TMW6L65NV2WFK,0.6000
5XU3T57H5B3PX3NLFG2TETNH,Prickly Peach Punch Lotus,10,2025-11-19T03:12:17.94276+00:00,2025-12-11T16:49:31.405655+00:00,false,,,,No inventory item maps to this Square catalog ID,,,,
ZESNC3BSGCKHFKFGSUAEHATH,Ice Cream - Cookie Dough,10,2025-11-19T03:17:06.206801+00:00,2025-12-11T21:12:20.538344+00:00,false,,,,No inventory item maps to this Square catalog ID,fc257383-190c-45e1-9b88-3608faa0ac3c,Ice Cream - Cookie Dough,NR6FEV2KS47VHBQCIBIMU4L4,1.0000
TJ2RGZ74NPA2XN4QCCYVFLZQ,Iced Pumpkin Cream Chai,10,2025-12-02T03:11:18.565578+00:00,2025-12-11T21:12:15.241935+00:00,false,,,,No inventory item maps to this Square catalog ID,ee35897a-a6de-4740-b3ca-b09842015ae6,Iced Pumpkin Cream Chai,NPGDPQBNKLLF2T7LSIC4526A,1.0000
TJ2RGZ74NPA2XN4QCCYVFLZQ,Iced Pumpkin Cream Chai,10,2025-12-02T03:11:18.565578+00:00,2025-12-11T21:12:15.241935+00:00,false,,,,No inventory item maps to this Square catalog ID,0c285639-33e4-4d1d-bfa3-f6f5ce9fd957,Pumpkin Cream Cold Brew,667UFV4HAAIBAWBAIQ5OBC7P,0.6316
6UT72MYYO7MKPONNUKS6A4CM,Matcha Creme Frappuccino,9,2025-11-19T03:07:58.723063+00:00,2025-12-11T21:07:22.643862+00:00,false,,,,No inventory item maps to this Square catalog ID,,,,
HURPEVXVUAMHOFUZGRVJ3CJX,Dragon Drink,9,2025-11-19T03:08:52.899388+00:00,2025-12-11T16:44:46.799161+00:00,false,,,,No inventory item maps to this Square catalog ID,,,,
SZI6B24FTPI5MMVN2NOZXDQR,Ocean Mist Lotus,9,2025-11-19T03:12:03.496093+00:00,2025-12-02T03:16:35.663233+00:00,false,,,,No inventory item maps to this Square catalog ID,,,,
TRVQ64Y27ZFHQ2TEYN2O6LYZ,Pumpkin Cream Cold Brew,9,2025-12-02T03:11:47.954107+00:00,2025-12-11T21:07:18.663288+00:00,false,,,,No inventory item maps to this Square catalog ID,0c285639-33e4-4d1d-bfa3-f6f5ce9fd957,Pumpkin Cream Cold Brew,667UFV4HAAIBAWBAIQ5OBC7P,1.0000
TRVQ64Y27ZFHQ2TEYN2O6LYZ,Pumpkin Cream Cold Brew,9,2025-12-02T03:11:47.954107+00:00,2025-12-11T21:07:18.663288+00:00,false,,,,No inventory item maps to this Square catalog ID,ee35897a-a6de-4740-b3ca-b09842015ae6,Iced Pumpkin Cream Chai,NPGDPQBNKLLF2T7LSIC4526A,0.6316
YMWHVF3XGCIT4OR2GXZQ6MOQ,Lemon Danish,8,2025-11-19T03:08:34.496995+00:00,2025-11-19T03:11:50.504897+00:00,false,,,,No inventory item maps to this Square catalog ID,82a49aab-138f-4bd4-9f94-d4843b54e1d0,Danish Lemon,WPG5OQLMSXYGUDSIU4EXURVI,0.9000
YMWHVF3XGCIT4OR2GXZQ6MOQ,Lemon Danish,8,2025-11-19T03:08:34.496995+00:00,2025-11-19T03:11:50.504897+00:00,false,,,,No inventory item maps to this Square catalog ID,b5740f61-c57c-459c-a086-e882375b6a01,Danish Almond,WVHR4EMA4HRFB3KQNFUVLAAL,0.7619
YMWHVF3XGCIT4OR2GXZQ6MOQ,Lemon Danish,8,2025-11-19T03:08:34.496995+00:00,2025-11-19T03:11:50.504897+00:00,false,,,,No inventory item maps to this Square catalog ID,9d5c67f1-adae-4e78-bfe6-cc29e7307f9d,Danish,OKWC6AAABGVXWLJXWDJWFQH3,0.6667
RIRB7WWP5IFAVCNG67HHREDZ,Matcha Creme Frappuccino,8,2025-11-19T03:09:24.665904+00:00,2025-12-11T21:07:14.661655+00:00,false,,,,No inventory item maps to this Square catalog ID,,,,
7STRY7NIXHDIC6KFV5X55D3Y,Hot Chocolate,8,2025-11-19T03:09:48.076025+00:00,2025-12-11T21:12:20.375784+00:00,false,,,,No inventory item maps to this Square catalog ID,43bbf682-f0af-43fe-b756-5f2ed46ff274,Chocolate Muffin,OIF7WKM6KSTIGEGL27ICCFES,0.6400
7STRY7NIXHDIC6KFV5X55D3Y,Hot Chocolate,8,2025-11-19T03:09:48.076025+00:00,2025-12-11T21:12:20.375784+00:00,false,,,,No inventory item maps to this Square catalog ID,fdeaf9a3-9e77-4785-956f-71bc43019ea2,Danish Chocolate,QOH4PJDWEGNYEI4ESDKMEHFQ,0.6400
VOASBNXDII76YJSFQA2L2UNC,Espresso Shot,8,2025-11-19T03:10:32.826136+00:00,2025-12-11T21:07:23.775692+00:00,false,,,,No inventory item maps to this Square catalog ID,,,,
FMAQYDRBTYECJ4EWKFJX6MFM,Patter Bar,8,2025-11-19T03:11:03.677759+00:00,2025-11-19T03:16:37.905933+00:00,false,,,,No inventory item maps to this Square catalog ID,,,,
EJ3KKCZIKIQQ5OE6A3IG6H3L,Iced Brown Sugar Oat Shaken Espresso,8,2025-11-19T03:11:30.045525+00:00,2025-12-11T21:07:06.899581+00:00,false,,,,No inventory item maps to this Square catalog ID,8ad45278-3580-44c5-914d-2f8fe1b19c80,Iced Brown Sugar Oat Shaken Espresso,2UCPPRMYHYZAYCKBFW7VJHF5,1.0000
7W6NOZLRCNSGPL5SJYBAPX6S,White Chocolate Mocha Frappuccino,8,2025-11-19T03:11:37.959857+00:00,2025-12-11T21:07:03.864074+00:00,false,,,,No inventory item maps to this Square catalog ID,,,,
IG6VS7EPK3HCPLQ5PAWKOHIM,Ice Cream - Space Junkie,8,2025-12-02T03:10:03.996155+00:00,2025-12-11T16:50:06.824414+00:00,false,,,,No inventory item maps to this Square catalog ID,5b815cef-1d53-403c-8b04-801f400f9f1e,Ice Cream - Space Junkie,KO6BHB2WHEM7XKXE3YOULNDW,1.0000
DPEY7WCY5B3VSIYP7PFR3XB6,Ice Cream - Vanilla,8,2025-12-02T03:11:21.780001+00:00,2025-12-11T16:43:41.347616+00:00,false,,,,No inventory item maps to this Square catalog ID,0ff4430d-73b2-427d-b583-113d0ca6e773,Ice Cream - Vanilla,V6WJBXB2ULODMJ4UFBOXOUF4,1.0000
DPEY7WCY5B3VSIYP7PFR3XB6,Ice Cream - Vanilla,8,2025-12-02T03:11:21.780001+00:00,2025-12-11T16:43:41.347616+00:00,false,,,,No inventory item maps to this Square catalog ID,79bea440-4148-4d57-861d-7fa7a6bbd516,Ice Cream,7TZIVQYZHN4R4VFLS3Q7HXQU,0.6667
MDKDYVQWMNYYSGZEUYJPPBK5,Dragon Drink,7,2025-11-19T03:08:10.881206+00:00,2025-12-11T21:12:20.693464+00:00,false,,,,No inventory item maps to this Square catalog ID,,,,
4KC2UYHW2NGC7CSYHDKYKG6N,Chai Creme Frappuccino,7,2025-11-19T03:08:32.932574+00:00,2025-11-19T03:16:43.190441+00:00,false,,,,No inventory item maps to this Square catalog ID,,,,
DFG7BF634TGDK7WAIZ7CEJOD,Ice Cream,7,2025-11-19T03:10:06.138455+00:00,2025-11-19T03:16:16.796163+00:00,false,,,,No inventory item maps to this Square catalog ID,79bea440-4148-4d57-861d-7fa7a6bbd516,Ice Cream,7TZIVQYZHN4R4VFLS3Q7HXQU,1.0000
DFG7BF634TGDK7WAIZ7CEJOD,Ice Cream,7,2025-11-19T03:10:06.138455+00:00,2025-11-19T03:16:16.796163+00:00,false,,,,No inventory item maps to this Square catalog ID,2fcf7bb7-67a4-47ab-a815-18bc9cf9a2e8,Quart - Ice Cream,D5ZAN4LW6L5FRB5XAMFWY6XZ,0.7368
DFG7BF634TGDK7WAIZ7CEJOD,Ice Cream,7,2025-11-19T03:10:06.138455+00:00,2025-11-19T03:16:16.796163+00:00,false,,,,No inventory item maps to this Square catalog ID,5fac7f8a-9428-470e-bada-fcc09b9aaecd,Ice Cream - Salty O,OWJ47VP62ARIUYQXRA5UK2TB,0.7000
FOSYH6ROOHVURHJOP7KAW73L,Espresso Frappuccino,7,2025-11-19T03:10:39.692318+00:00,2025-12-11T21:07:10.666135+00:00,false,,,,No inventory item maps to this Square catalog ID,,,,
REVGNO4I622RPSTZLDCJIW6O,Pinky Promise Lotus,7,2025-11-19T03:11:04.473107+00:00,2025-12-02T03:11:48.807988+00:00,false,,,,No inventory item maps to this Square catalog ID,,,,
WSWZP7CZJJNO4SMZLCEWACVZ,Dirty Chai,7,2025-11-19T03:14:40.474202+00:00,2025-12-11T16:44:33.340704+00:00,false,,,,No inventory item maps to this Square catalog ID,,,,
27CMY5XJD5K7EWWXZUEO6UPM,Pumpkin Spice Chai,7,2025-12-02T03:11:27.335002+00:00,2025-12-11T21:12:21.878138+00:00,false,,,,No inventory item maps to this Square catalog ID,ee35897a-a6de-4740-b3ca-b09842015ae6,Iced Pumpkin Cream Chai,NPGDPQBNKLLF2T7LSIC4526A,0.6471
V6OJNGWEFFE6U6ECGVZVJEXU,Burritto Veggie Black Bean,6,2025-11-19T03:08:07.249295+00:00,2025-11-19T03:09:33.576008+00:00,false,,,,No inventory item maps to this Square catalog ID,650e2505-f3cf-4205-81bb-fdb04a4e0b98,Burrito Veggie Black Bean,XW4PSETSS7ES5JOLI4V77FQ2,0.9767
DQ3DEJPEOQ4DFRXEHG66RSIR,Boba Bubble Tea,6,2025-11-19T03:09:26.334047+00:00,2025-11-19T03:16:31.906708+00:00,false,,,,No inventory item maps to this Square catalog ID,5aa8ee34-df7a-4e8d-9ab7-e04d1a2b7251,Boba Bubble Tea,UJJTX2DNPJGN7Y75BO66N42E,1.0000
7RSMB6H3X7KTQV53WN66SCSF,Iced Coffee,6,2025-11-19T03:09:37.926679+00:00,2025-12-11T16:50:08.981051+00:00,false,,,,No inventory item maps to this Square catalog ID,,,,
5UBQ6JH2MTYE7VC2O7MX3UAS,Hot Tea,6,2025-11-19T03:11:23.0159+00:00,2025-12-11T21:07:07.42683+00:00,false,,,,No inventory item maps to this Square catalog ID,,,,
RW3KLDWOVMBCTOINK7BSBPV5,Ice Cream,6,2025-11-19T03:11:30.778553+00:00,2025-11-19T03:15:44.212153+00:00,false,,,,No inventory item maps to this Square catalog ID,79bea440-4148-4d57-861d-7fa7a6bbd516,Ice Cream,7TZIVQYZHN4R4VFLS3Q7HXQU,1.0000
RW3KLDWOVMBCTOINK7BSBPV5,Ice Cream,6,2025-11-19T03:11:30.778553+00:00,2025-11-19T03:15:44.212153+00:00,false,,,,No inventory item maps to this Square catalog ID,2fcf7bb7-67a4-47ab-a815-18bc9cf9a2e8,Quart - Ice Cream,D5ZAN4LW6L5FRB5XAMFWY6XZ,0.7368
RW3KLDWOVMBCTOINK7BSBPV5,Ice Cream,6,2025-11-19T03:11:30.778553+00:00,2025-11-19T03:15:44.212153+00:00,false,,,,No inventory item maps to this Square catalog ID,5fac7f8a-9428-470e-bada-fcc09b9aaecd,Ice Cream - Salty O,OWJ47VP62ARIUYQXRA5UK2TB,0.7000
F5YWFTPLXBXFSTWMB5UXH3X7,Lavender Haze Lotus,6,2025-11-19T03:12:16.878924+00:00,2025-12-11T21:12:13.763816+00:00,false,,,,No inventory item maps to this Square catalog ID,,,,
NCTQLWWGHJBL45IW3KP3MHQA,Danish,6,2025-11-19T03:14:30.119734+00:00,2025-11-19T03:16:02.134117+00:00,false,,,,No inventory item maps to this Square catalog ID,9d5c67f1-adae-4e78-bfe6-cc29e7307f9d,Danish,OKWC6AAABGVXWLJXWDJWFQH3,1.0000
NCTQLWWGHJBL45IW3KP3MHQA,Danish,6,2025-11-19T03:14:30.119734+00:00,2025-11-19T03:16:02.134117+00:00,false,,,,No inventory item maps to this Square catalog ID,0f211e2d-2c65-4f6a-8380-e3ad53fa9c85,Mini Danish,EBMUUXZVYNERLCRTCBWGUQYY,0.7143
NCTQLWWGHJBL45IW3KP3MHQA,Danish,6,2025-11-19T03:14:30.119734+00:00,2025-11-19T03:16:02.134117+00:00,false,,,,No inventory item maps to this Square catalog ID,82a49aab-138f-4bd4-9f94-d4843b54e1d0,Danish Lemon,WPG5OQLMSXYGUDSIU4EXURVI,0.6667
USSELLE3FSCREI5EXPJNITEN,Ice Cream - Salty O,6,2025-11-19T03:16:45.083756+00:00,2025-12-11T21:12:20.236465+00:00,false,,,,No inventory item maps to this Square catalog ID,5fac7f8a-9428-470e-bada-fcc09b9aaecd,Ice Cream - Salty O,OWJ47VP62ARIUYQXRA5UK2TB,1.0000
USSELLE3FSCREI5EXPJNITEN,Ice Cream - Salty O,6,2025-11-19T03:16:45.083756+00:00,2025-12-11T21:12:20.236465+00:00,false,,,,No inventory item maps to this Square catalog ID,79bea440-4148-4d57-861d-7fa7a6bbd516,Ice Cream,7TZIVQYZHN4R4VFLS3Q7HXQU,0.7000
TUTHNSAPIXEXCTTEMB2K5AZM,Iced Pumpkin Cream Chai,6,2025-12-02T03:11:27.335002+00:00,2025-12-11T16:44:27.697318+00:00,false,,,,No inventory item maps to this Square catalog ID,ee35897a-a6de-4740-b3ca-b09842015ae6,Iced Pumpkin Cream Chai,NPGDPQBNKLLF2T7LSIC4526A,1.0000
TUTHNSAPIXEXCTTEMB2K5AZM,Iced Pumpkin Cream Chai,6,2025-12-02T03:11:27.335002+00:00,2025-12-11T16:44:27.697318+00:00,false,,,,No inventory item maps to this Square catalog ID,0c285639-33e4-4d1d-bfa3-f6f5ce9fd957,Pumpkin Cream Cold Brew,667UFV4HAAIBAWBAIQ5OBC7P,0.6316
NP6SBZ2DMKJ3S7Z33DASRBQY,Dragon Drink,5,2025-11-19T03:08:05.574027+00:00,2025-12-11T16:44:45.496974+00:00,false,,,,No inventory item maps to this Square catalog ID,,,,
ZUDPSI33L2FH2MALKLUFQTHN,Dubai Chocolate Bar,5,2025-11-19T03:08:11.060068+00:00,2025-11-19T03:09:15.484132+00:00,false,,,,No inventory item maps to this Square catalog ID,aad507be-d183-4101-b793-9d5ab820b69c,Patterbar Chocolate Banana,7AL2QYLITWI2JBYBRAF3PMD5,0.6154
ZUDPSI33L2FH2MALKLUFQTHN,Dubai Chocolate Bar,5,2025-11-19T03:08:11.060068+00:00,2025-11-19T03:09:15.484132+00:00,false,,,,No inventory item maps to this Square catalog ID,16679077-ab81-46e0-a177-ae10c8343102,Patter Bar Chocolate Banana,ROO7MJMABDC4LA3MVZXJUODP,0.6154
NUDFAY6SBSWVF3DCL3JQHVNC,Burritto Bacon,5,2025-11-19T03:08:14.154553+00:00,2025-11-19T03:08:48.942541+00:00,false,,,,No inventory item maps to this Square catalog ID,4a496494-c7f5-4a9c-9806-d2929b3a0473,Burrito Bacon,KWLBML2DPATBJEPFIBHCSMOT,0.9565
BDSLAKVHABNYIMMQT44J6WJG,Apple Danish,5,2025-11-19T03:08:56.336886+00:00,2025-11-19T03:12:24.790998+00:00,false,,,,No inventory item maps to this Square catalog ID,0746fd2f-0ef4-4131-92a8-ffd950e48e73,Danish Apple,GAOSDTZ3XUGF5GXBECFDNKPZ,0.9000
BDSLAKVHABNYIMMQT44J6WJG,Apple Danish,5,2025-11-19T03:08:56.336886+00:00,2025-11-19T03:12:24.790998+00:00,false,,,,No inventory item maps to this Square catalog ID,9d5c67f1-adae-4e78-bfe6-cc29e7307f9d,Danish,OKWC6AAABGVXWLJXWDJWFQH3,0.6667
BDSLAKVHABNYIMMQT44J6WJG,Apple Danish,5,2025-11-19T03:08:56.336886+00:00,2025-11-19T03:12:24.790998+00:00,false,,,,No inventory item maps to this Square catalog ID,82a49aab-138f-4bd4-9f94-d4843b54e1d0,Danish Lemon,WPG5OQLMSXYGUDSIU4EXURVI,0.6000
VK6ENGE3DDICTTJET7HZG2BG,Chai Creme Frappuccino,5,2025-11-19T03:09:16.801949+00:00,2025-11-19T03:16:36.717283+00:00,false,,,,No inventory item maps to this Square catalog ID,,,,
4WM3UK7ETCJP3EX4ME7OQ7UK,Mocha Cookie Crumble,5,2025-11-19T03:10:07.547845+00:00,2025-12-11T16:43:44.229668+00:00,false,,,,No inventory item maps to this Square catalog ID,,,,
PAUY7A2IB2IOKBKKAT267G2J,Pink Drink,5,2025-11-19T03:10:17.886189+00:00,2025-12-11T16:43:59.934002+00:00,false,,,,No inventory item maps to this Square catalog ID,,,,
7GZTLYBBN4GGWHECKR2HBW2B,Strawberry Frappuccino,5,2025-11-19T03:10:47.154853+00:00,2025-12-02T03:11:33.833104+00:00,false,,,,No inventory item maps to this Square catalog ID,2c9336d3-0269-4e0b-a3f5-ba478de5a53c,Strawberry Frappuccino,KRABMKKBILR74ZXYPZXKSGOB,1.0000
LII5ENTRTRTWXRUFKXRDG36J,Ice Cream,5,2025-11-19T03:11:33.951337+00:00,2025-11-19T03:14:54.288557+00:00,false,,,,No inventory item maps to this Square catalog ID,79bea440-4148-4d57-861d-7fa7a6bbd516,Ice Cream,7TZIVQYZHN4R4VFLS3Q7HXQU,1.0000
LII5ENTRTRTWXRUFKXRDG36J,Ice Cream,5,2025-11-19T03:11:33.951337+00:00,2025-11-19T03:14:54.288557+00:00,false,,,,No inventory item maps to this Square catalog ID,2fcf7bb7-67a4-47ab-a815-18bc9cf9a2e8,Quart - Ice Cream,D5ZAN4LW6L5FRB5XAMFWY6XZ,0.7368
LII5ENTRTRTWXRUFKXRDG36J,Ice Cream,5,2025-11-19T03:11:33.951337+00:00,2025-11-19T03:14:54.288557+00:00,false,,,,No inventory item maps to this Square catalog ID,5fac7f8a-9428-470e-bada-fcc09b9aaecd,Ice Cream - Salty O,OWJ47VP62ARIUYQXRA5UK2TB,0.7000
ZM7LK54RCGYRWT3RS7WH2AVX,Danish,5,2025-11-19T03:14:42.23207+00:00,2025-11-19T03:16:05.328383+00:00,false,,,,No inventory item maps to this Square catalog ID,9d5c67f1-adae-4e78-bfe6-cc29e7307f9d,Danish,OKWC6AAABGVXWLJXWDJWFQH3,1.0000
ZM7LK54RCGYRWT3RS7WH2AVX,Danish,5,2025-11-19T03:14:42.23207+00:00,2025-11-19T03:16:05.328383+00:00,false,,,,No inventory item maps to this Square catalog ID,0f211e2d-2c65-4f6a-8380-e3ad53fa9c85,Mini Danish,EBMUUXZVYNERLCRTCBWGUQYY,0.7143
ZM7LK54RCGYRWT3RS7WH2AVX,Danish,5,2025-11-19T03:14:42.23207+00:00,2025-11-19T03:16:05.328383+00:00,false,,,,No inventory item maps to this Square catalog ID,82a49aab-138f-4bd4-9f94-d4843b54e1d0,Danish Lemon,WPG5OQLMSXYGUDSIU4EXURVI,0.6667
2MEGZSD6EPTHN26B3YK73QQC,Danish,5,2025-11-19T03:15:19.465356+00:00,2025-11-19T03:15:57.021926+00:00,false,,,,No inventory item maps to this Square catalog ID,9d5c67f1-adae-4e78-bfe6-cc29e7307f9d,Danish,OKWC6AAABGVXWLJXWDJWFQH3,1.0000
2MEGZSD6EPTHN26B3YK73QQC,Danish,5,2025-11-19T03:15:19.465356+00:00,2025-11-19T03:15:57.021926+00:00,false,,,,No inventory item maps to this Square catalog ID,0f211e2d-2c65-4f6a-8380-e3ad53fa9c85,Mini Danish,EBMUUXZVYNERLCRTCBWGUQYY,0.7143
2MEGZSD6EPTHN26B3YK73QQC,Danish,5,2025-11-19T03:15:19.465356+00:00,2025-11-19T03:15:57.021926+00:00,false,,,,No inventory item maps to this Square catalog ID,82a49aab-138f-4bd4-9f94-d4843b54e1d0,Danish Lemon,WPG5OQLMSXYGUDSIU4EXURVI,0.6667
VDJBOWRI6J2SM27C5HTQHOHV,Ice Cream - Vanilla,5,2025-11-19T03:17:14.19671+00:00,2025-12-11T16:49:44.39903+00:00,false,,,,No inventory item maps to this Square catalog ID,0ff4430d-73b2-427d-b583-113d0ca6e773,Ice Cream - Vanilla,V6WJBXB2ULODMJ4UFBOXOUF4,1.0000
VDJBOWRI6J2SM27C5HTQHOHV,Ice Cream - Vanilla,5,2025-11-19T03:17:14.19671+00:00,2025-12-11T16:49:44.39903+00:00,false,,,,No inventory item maps to this Square catalog ID,79bea440-4148-4d57-861d-7fa7a6bbd516,Ice Cream,7TZIVQYZHN4R4VFLS3Q7HXQU,0.6667
BKF4XJT35GO24HCUIWYUDDTV,Mango & Strawberry Smoothie,5,2025-12-02T03:10:50.83847+00:00,2025-12-02T03:16:34.441357+00:00,false,,,,No inventory item maps to this Square catalog ID,6e9cbddd-9094-4661-98c7-0a0a307d1ecc,Mango & Strawberry Smoothie,TMAUDKG2RNADL4N5B2VC6EZZ,1.0000
BKF4XJT35GO24HCUIWYUDDTV,Mango & Strawberry Smoothie,5,2025-12-02T03:10:50.83847+00:00,2025-12-02T03:16:34.441357+00:00,false,,,,No inventory item maps to this Square catalog ID,4b6f89b3-3032-4b12-8f49-e0d87baed747,Strawberry Smoothie,XMDGVPI3OK7L73L2IM2AVC3B,0.8095
DBY3PA6PYBU4BFWXMOJV256N,Double Chocolaty Chip Frappuccino,4,2025-11-19T03:08:04.837307+00:00,2025-12-11T16:43:56.670897+00:00,false,,,,No inventory item maps to this Square catalog ID,,,,
I3D2E32OAT5JD3JD6TFA2NFD,Iced Tea,4,2025-11-19T03:10:33.413614+00:00,2025-11-19T03:15:56.808194+00:00,false,,,,No inventory item maps to this Square catalog ID,,,,
FPEJAMYWMJ7BZTX472FQT2IL,Cappuccino,4,2025-11-19T03:10:53.879883+00:00,2025-12-11T21:12:27.47585+00:00,false,,,,No inventory item maps to this Square catalog ID,,,,
NJ7GDQ75DPXGKPG2B4YXW6UK,Flat White,4,2025-11-19T03:11:16.920707+00:00,2025-12-02T03:11:54.724041+00:00,false,,,,No inventory item maps to this Square catalog ID,,,,
5YHRXZ6G6T47Q64JAGTTSTG6,Espresso Frappuccino,4,2025-11-19T03:11:57.445798+00:00,2025-12-11T16:44:24.98619+00:00,false,,,,No inventory item maps to this Square catalog ID,,,,
BZZ23F3N5WFN2NXCFANPCPZO,Medicine Ball,4,2025-11-19T03:12:42.203812+00:00,2025-12-11T21:07:17.719583+00:00,false,,,,No inventory item maps to this Square catalog ID,,,,
JGW4QPQBJNG456DVJPJELW7B,Danish,4,2025-11-19T03:14:35.438917+00:00,2025-11-19T03:15:26.427245+00:00,false,,,,No inventory item maps to this Square catalog ID,9d5c67f1-adae-4e78-bfe6-cc29e7307f9d,Danish,OKWC6AAABGVXWLJXWDJWFQH3,1.0000
JGW4QPQBJNG456DVJPJELW7B,Danish,4,2025-11-19T03:14:35.438917+00:00,2025-11-19T03:15:26.427245+00:00,false,,,,No inventory item maps to this Square catalog ID,0f211e2d-2c65-4f6a-8380-e3ad53fa9c85,Mini Danish,EBMUUXZVYNERLCRTCBWGUQYY,0.7143
JGW4QPQBJNG456DVJPJELW7B,Danish,4,2025-11-19T03:14:35.438917+00:00,2025-11-19T03:15:26.427245+00:00,false,,,,No inventory item maps to this Square catalog ID,82a49aab-138f-4bd4-9f94-d4843b54e1d0,Danish Lemon,WPG5OQLMSXYGUDSIU4EXURVI,0.6667
3D7NJSN2P44V7QQPV5ACRDTP,Danish,4,2025-11-19T03:15:37.977011+00:00,2025-11-19T03:15:42.866271+00:00,false,,,,No inventory item maps to this Square catalog ID,9d5c67f1-adae-4e78-bfe6-cc29e7307f9d,Danish,OKWC6AAABGVXWLJXWDJWFQH3,1.0000
3D7NJSN2P44V7QQPV5ACRDTP,Danish,4,2025-11-19T03:15:37.977011+00:00,2025-11-19T03:15:42.866271+00:00,false,,,,No inventory item maps to this Square catalog ID,0f211e2d-2c65-4f6a-8380-e3ad53fa9c85,Mini Danish,EBMUUXZVYNERLCRTCBWGUQYY,0.7143
3D7NJSN2P44V7QQPV5ACRDTP,Danish,4,2025-11-19T03:15:37.977011+00:00,2025-11-19T03:15:42.866271+00:00,false,,,,No inventory item maps to this Square catalog ID,82a49aab-138f-4bd4-9f94-d4843b54e1d0,Danish Lemon,WPG5OQLMSXYGUDSIU4EXURVI,0.6667
Q6WH5QNKIJTKP45C7RPYTF53,Savory Croissant - Bacon Egg & Cheese,4,2025-11-19T03:16:41.816968+00:00,2025-11-19T03:17:37.766138+00:00,true,aac9b7bc-e8ff-42a5-b23e-0c01208c5e7f,Savory Croissant - Bacon Egg & Cheese,2025-09-01T14:35:09.410824+00:00,Mapping exists; ignored rows may be from earlier imports and are not reclassified automatically,,,,
TDEWM7FMNI2IN447K32AGJY2,Mocha Cookie Crumble,4,2025-11-19T03:16:44.897743+00:00,2025-12-11T16:44:09.648099+00:00,false,,,,No inventory item maps to this Square catalog ID,,,,
PI3QKA545DT5O3BGMGH7MZ64,Boulder Canyon Chips - 1 oz Assorted,4,2025-11-19T03:16:55.886792+00:00,2025-11-19T03:17:34.857285+00:00,true,b39fed58-5c18-4247-9841-945f7426a405,"Boulder Canyon Kettle Style Variety Pack Potato Chips, 1 oz., 36 pk.",2025-11-30T18:50:56.020863+00:00,Mapping exists now; early rows likely imported before inventory item existed,,,,
EVNFEEVAAQY5QE4MPPXQQTGQ,Espresso Shot,4,2025-11-19T03:17:07.81523+00:00,2025-12-11T16:44:12.797355+00:00,false,,,,No inventory item maps to this Square catalog ID,,,,
3GD4BEMTCQLE24VSKSZHXG4Y,Ice Cream (bulk) - Vegan Chocolate Salty O,4,2025-12-02T03:11:32.874829+00:00,2025-12-11T16:43:43.4702+00:00,false,,,,No inventory item maps to this Square catalog ID,48774efc-305f-4eb9-bb94-829f981aed1d,Ice Cream (bulk) - Vegan Chocolate Salty O,RLRHN6VUIMUKFVZILCT5ZJG2,1.0000
6K365OSMEPADEPJPEVMLUKYI,Pumpkin Cream Cold Brew,4,2025-12-02T03:16:05.061784+00:00,2025-12-11T21:07:18.285537+00:00,false,,,,No inventory item maps to this Square catalog ID,0c285639-33e4-4d1d-bfa3-f6f5ce9fd957,Pumpkin Cream Cold Brew,667UFV4HAAIBAWBAIQ5OBC7P,1.0000
6K365OSMEPADEPJPEVMLUKYI,Pumpkin Cream Cold Brew,4,2025-12-02T03:16:05.061784+00:00,2025-12-11T21:07:18.285537+00:00,false,,,,No inventory item maps to this Square catalog ID,ee35897a-a6de-4740-b3ca-b09842015ae6,Iced Pumpkin Cream Chai,NPGDPQBNKLLF2T7LSIC4526A,0.6316
AW5FGCJSREMTMW6YFIZMM33I,Topo Chico - Sparkling Water - 16.9 oz,4,2025-12-11T21:07:15.782748+00:00,2025-12-11T21:12:23.382351+00:00,false,,,,No inventory item maps to this Square catalog ID,5d481c37-8d0d-47fd-af89-880b3827dbc8,"Topo Chico Twist of Lime Sparkling Mineral Water 16.9 fl. oz., 18 pk.",manual-d4c93ad2-382e-4867-8952-3cb6880b9440,0.6154
P7L6Z3CMHZF6GOVSKKUHORZM,Flat White,3,2025-11-19T03:08:02.299322+00:00,2025-12-02T03:15:25.227126+00:00,false,,,,No inventory item maps to this Square catalog ID,,,,
